file,channels,samplerate,duration_sec,format
/Users/jackbowers/Archived - Box Sync/Language_Data/Mixtepec_Mixtec/media/speech-mix/annotate-later/duplicateTokens/ADJ_beautiful_anim_02_JS.wav,1,44100,1.13,WAV
/Users/jackbowers/Archived - Box Sync/Language_Data/Mixtepec_Mixtec/media/speech-mix/annotate-later/duplicateTokens/ADJ_beautiful_anim_03_JS.wav,1,44100,1.07,WAV
/Users/jackbowers/Archived - Box Sync/Language_Data/Mixtepec_Mixtec/media/speech-mix/annotate-later/duplicateTokens/ADJ_beautiful_inan_02_JS.wav,1,44100,1.43,WAV
/Users/jackbowers/Archived - Box Sync/Language_Data/Mixtepec_Mixtec/media/speech-mix/annotate-later/duplicateTokens/ADJ_difficult_01_spkrTS.wav,1,96000,0.68,WAV
/Users/jackbowers/Archived - Box Sync/Language_Data/Mixtepec_Mixtec/media/speech-mix/annotate-later/duplicateTokens/ADJ_difficult_02_spkrTS.wav,1,96000,0.77,WAV
/Users/jackbowers/Archived - Box Sync/Language_Data/Mixtepec_Mixtec/media/speech-mix/annotate-later/duplicateTokens/ADJ_fat_02_spkrTS.wav,1,96000,0.62,WAV
/Users/jackbowers/Archived - Box Sync/Language_Data/Mixtepec_Mixtec/media/speech-mix/annotate-later/duplicateTokens/ADJ_small_02_spkrJS.wav,1,44100,1.2,WAV
/Users/jackbowers/Archived - Box Sync/Language_Data/Mixtepec_Mixtec/media/speech-mix/annotate-later/duplicateTokens/ADJ_small_03_spkrJS.wav,1,44100,1.47,WAV
/Users/jackbowers/Archived - Box Sync/Language_Data/Mixtepec_Mixtec/media/speech-mix/annotate-later/duplicateTokens/ADJ_tall_01_02_03_JS.wav,1,44100,2.7,WAV
/Users/jackbowers/Archived - Box Sync/Language_Data/Mixtepec_Mixtec/media/speech-mix/annotate-later/duplicateTokens/ADJ_thin-narrow_OBJ_01_02_TS.wav,1,96000,1.41,WAV
/Users/jackbowers/Archived - Box Sync/Language_Data/Mixtepec_Mixtec/media/speech-mix/annotate-later/duplicateTokens/CMND_come_down_04_05_06_07_TS.wav,1,96000,2.87,WAV
/Users/jackbowers/Archived - Box Sync/Language_Data/Mixtepec_Mixtec/media/speech-mix/annotate-later/duplicateTokens/GRT_RESP-hello-how_are_you-form_02_spkrTS.wav,1,96000,1.2,WAV
/Users/jackbowers/Archived - Box Sync/Language_Data/Mixtepec_Mixtec/media/speech-mix/annotate-later/duplicateTokens/GRT_hello-how_are_you-form_02_spkrTS.wav,1,96000,1.12,WAV
/Users/jackbowers/Archived - Box Sync/Language_Data/Mixtepec_Mixtec/media/speech-mix/annotate-later/duplicateTokens/GRT_hello-how_are_you_inf_01_spkrTS.wav,1,96000,0.57,WAV
/Users/jackbowers/Archived - Box Sync/Language_Data/Mixtepec_Mixtec/media/speech-mix/annotate-later/duplicateTokens/NUM_eight_01_spkrTS.wav,1,32000,0.79,WAV
/Users/jackbowers/Archived - Box Sync/Language_Data/Mixtepec_Mixtec/media/speech-mix/annotate-later/duplicateTokens/NUM_five_01_spkrTS.wav,1,32000,0.79,WAV
/Users/jackbowers/Archived - Box Sync/Language_Data/Mixtepec_Mixtec/media/speech-mix/annotate-later/duplicateTokens/NUM_four_01_spkrTS.wav,1,32000,0.63,WAV
/Users/jackbowers/Archived - Box Sync/Language_Data/Mixtepec_Mixtec/media/speech-mix/annotate-later/duplicateTokens/NUM_nine_01_spkrTS.wav,1,32000,0.66,WAV
/Users/jackbowers/Archived - Box Sync/Language_Data/Mixtepec_Mixtec/media/speech-mix/annotate-later/duplicateTokens/NUM_ten_01_spkrTS.wav,1,32000,0.8,WAV
/Users/jackbowers/Archived - Box Sync/Language_Data/Mixtepec_Mixtec/media/speech-mix/annotate-later/duplicateTokens/N_ADJ_fat_baby_01_02_TS.wav,1,96000,2.21,WAV
/Users/jackbowers/Archived - Box Sync/Language_Data/Mixtepec_Mixtec/media/speech-mix/annotate-later/duplicateTokens/N_mother_02_spkrJS.wav,1,96000,0.7,WAV
/Users/jackbowers/Archived - Box Sync/Language_Data/Mixtepec_Mixtec/media/speech-mix/annotate-later/duplicateTokens/N_mother_04_spkrTS.wav,1,96000,0.53,WAV
/Users/jackbowers/Archived - Box Sync/Language_Data/Mixtepec_Mixtec/media/speech-mix/annotate-later/duplicateTokens/N_mother_1s_01_TS.wav,1,96000,2.18,WAV
/Users/jackbowers/Archived - Box Sync/Language_Data/Mixtepec_Mixtec/media/speech-mix/annotate-later/duplicateTokens/N_mother_1s_02_TS.wav,1,96000,0.55,WAV
/Users/jackbowers/Archived - Box Sync/Language_Data/Mixtepec_Mixtec/media/speech-mix/annotate-later/duplicateTokens/N_mother_POSS_2nd_sg_inf_03_04.wav,1,96000,2.74,WAV
/Users/jackbowers/Archived - Box Sync/Language_Data/Mixtepec_Mixtec/media/speech-mix/annotate-later/duplicateTokens/N_saa_savi_02_spkrTS.wav,1,96000,1.23,WAV
/Users/jackbowers/Archived - Box Sync/Language_Data/Mixtepec_Mixtec/media/speech-mix/annotate-later/duplicateTokens/N_sugar_01_TS.wav,1,96000,0.85,WAV
/Users/jackbowers/Archived - Box Sync/Language_Data/Mixtepec_Mixtec/media/speech-mix/annotate-later/duplicateTokens/P_five_chicken_eggs_02_spkrJS.wav,1,96000,1.78,WAV
/Users/jackbowers/Archived - Box Sync/Language_Data/Mixtepec_Mixtec/media/speech-mix/annotate-later/duplicateTokens/P_new_heart_02_spkrTS.wav,1,32000,0.95,WAV
/Users/jackbowers/Archived - Box Sync/Language_Data/Mixtepec_Mixtec/media/speech-mix/annotate-later/duplicateTokens/P_on_the_bed_01_spkrTS.wav,1,96000,0.85,WAV
/Users/jackbowers/Archived - Box Sync/Language_Data/Mixtepec_Mixtec/media/speech-mix/annotate-later/duplicateTokens/P_one-a_small_chicken_01_02_spkrTS.wav,1,96000,3.96,WAV
/Users/jackbowers/Archived - Box Sync/Language_Data/Mixtepec_Mixtec/media/speech-mix/annotate-later/duplicateTokens/P_one-a_small_star_01_02_spkrTS.wav,1,96000,3.91,WAV
/Users/jackbowers/Archived - Box Sync/Language_Data/Mixtepec_Mixtec/media/speech-mix/annotate-later/duplicateTokens/P_thin_green_fruit_POSS_1st_sg_01_spkrJS.wav,1,96000,3.7,WAV
/Users/jackbowers/Archived - Box Sync/Language_Data/Mixtepec_Mixtec/media/speech-mix/annotate-later/duplicateTokens/P_thin_green_fruit_POSS_1st_sg_02_spkrJS.wav,1,96000,3.59,WAV
/Users/jackbowers/Archived - Box Sync/Language_Data/Mixtepec_Mixtec/media/speech-mix/annotate-later/duplicateTokens/P_this_woman_01_02_03_spkrJS.wav,1,44100,5.39,WAV
/Users/jackbowers/Archived - Box Sync/Language_Data/Mixtepec_Mixtec/media/speech-mix/annotate-later/duplicateTokens/SOC_thank_you_inf_03_04_spkrTS.wav,1,96000,2.31,WAV
/Users/jackbowers/Archived - Box Sync/Language_Data/Mixtepec_Mixtec/media/speech-mix/annotate-later/duplicateTokens/S_ATRB_be_siblings_Pablo_Maria_1st_sg_01_spkrTS.wav,1,96000,3.62,WAV
/Users/jackbowers/Archived - Box Sync/Language_Data/Mixtepec_Mixtec/media/speech-mix/annotate-later/duplicateTokens/S_ATRB_both_brother_Pablo_1st_sg_and_sister_Maria_1st_sg_be_1st_pl_exc_PRS_teachers_01_spkrTS.wav,1,96000,5.47,WAV
/Users/jackbowers/Archived - Box Sync/Language_Data/Mixtepec_Mixtec/media/speech-mix/annotate-later/duplicateTokens/S_ATRB_both_brother_Pablo_1st_sg_and_sister_Maria_1st_sg_be_1st_pl_exc_PRS_teachers_02_spkrTS.wav,1,96000,4.9,WAV
/Users/jackbowers/Archived - Box Sync/Language_Data/Mixtepec_Mixtec/media/speech-mix/annotate-later/duplicateTokens/S_ATRB_mother_1st_pl_excl_name_Herminia_02_spkrTS.wav,1,96000,3.0,WAV
/Users/jackbowers/Archived - Box Sync/Language_Data/Mixtepec_Mixtec/media/speech-mix/annotate-later/duplicateTokens/S_ATRB_shirt_2nd_sg_inf_be_PRS_black_02_spkrTS.wav,1,96000,1.74,WAV
/Users/jackbowers/Archived - Box Sync/Language_Data/Mixtepec_Mixtec/media/speech-mix/annotate-later/duplicateTokens/S_ATRB_sibling_pl_1st_sg_be_PRS_older_than_1st_sg_01_spkrTS.wav,1,96000,3.45,WAV
/Users/jackbowers/Archived - Box Sync/Language_Data/Mixtepec_Mixtec/media/speech-mix/annotate-later/duplicateTokens/S_ATTRB_Pablo_and_Maria_are_teachers_02_TS.wav,1,96000,2.84,WAV
/Users/jackbowers/Archived - Box Sync/Language_Data/Mixtepec_Mixtec/media/speech-mix/annotate-later/duplicateTokens/S_CLS1_he_used_to_throw_a_ball_to_me_CLS2_and_I_used_to_throw_it_back_to_him_02_spkrTS.wav,1,96000,4.29,WAV
/Users/jackbowers/Archived - Box Sync/Language_Data/Mixtepec_Mixtec/media/speech-mix/annotate-later/duplicateTokens/S_CMND_take_2nd_sg_inf_DET_PROX_moon_02_spkrJS.wav,1,96000,1.81,WAV
/Users/jackbowers/Archived - Box Sync/Language_Data/Mixtepec_Mixtec/media/speech-mix/annotate-later/duplicateTokens/S_CMND_take_DET_PROX_moon_02_spkrJS.wav,1,96000,1.81,WAV
/Users/jackbowers/Archived - Box Sync/Language_Data/Mixtepec_Mixtec/media/speech-mix/annotate-later/duplicateTokens/S_CMND_take_the_lamb_from_the_water_because_hes_drowning_03_TS.wav,1,96000,2.84,WAV
/Users/jackbowers/Archived - Box Sync/Language_Data/Mixtepec_Mixtec/media/speech-mix/annotate-later/duplicateTokens/S_DEC_I_will_give_money_to_jack_NEG_01_02_03_spkrTS.wav,1,96000,4.0,WAV
/Users/jackbowers/Archived - Box Sync/Language_Data/Mixtepec_Mixtec/media/speech-mix/annotate-later/duplicateTokens/S_DEC_I_will_give_money_to_jack_POS_01_02_03_TS.wav,1,96000,4.48,WAV
/Users/jackbowers/Archived - Box Sync/Language_Data/Mixtepec_Mixtec/media/speech-mix/annotate-later/duplicateTokens/S_I_am_not_eating_breakfast_right_now_Im_reading_a_book_02_spkrTS.wav,1,96000,3.39,WAV
/Users/jackbowers/Archived - Box Sync/Language_Data/Mixtepec_Mixtec/media/speech-mix/annotate-later/duplicateTokens/S_I_am_not_eating_breakfast_right_now_Im_reading_a_book_03_spkrTS.wav,1,96000,3.18,WAV
/Users/jackbowers/Archived - Box Sync/Language_Data/Mixtepec_Mixtec/media/speech-mix/annotate-later/duplicateTokens/S_I_was_going_to_school_yesterday_when_I_fell_down_02_spkrTS.wav,1,96000,2.33,WAV
/Users/jackbowers/Archived - Box Sync/Language_Data/Mixtepec_Mixtec/media/speech-mix/annotate-later/duplicateTokens/S_I_will_give_money_to_Jack_01_TS.wav,1,96000,1.34,WAV
/Users/jackbowers/Archived - Box Sync/Language_Data/Mixtepec_Mixtec/media/speech-mix/annotate-later/duplicateTokens/S_I_will_give_money_to_Jack_02_TS.wav,1,96000,1.55,WAV
/Users/jackbowers/Archived - Box Sync/Language_Data/Mixtepec_Mixtec/media/speech-mix/annotate-later/duplicateTokens/S_I_will_give_money_to_Jack_03_TS.wav,1,96000,1.49,WAV
/Users/jackbowers/Archived - Box Sync/Language_Data/Mixtepec_Mixtec/media/speech-mix/annotate-later/duplicateTokens/S_I_will_not_give_money_to_Jack_01_TS.wav,1,96000,1.43,WAV
/Users/jackbowers/Archived - Box Sync/Language_Data/Mixtepec_Mixtec/media/speech-mix/annotate-later/duplicateTokens/S_I_will_not_give_money_to_Jack_02_TS.wav,1,96000,1.41,WAV
/Users/jackbowers/Archived - Box Sync/Language_Data/Mixtepec_Mixtec/media/speech-mix/annotate-later/duplicateTokens/S_MTN-DEIC_arrive_3s_inf_here_01_02_03_04_TS.wav,1,96000,7.62,WAV
/Users/jackbowers/Archived - Box Sync/Language_Data/Mixtepec_Mixtec/media/speech-mix/annotate-later/duplicateTokens/S_MTN_the_crow_is_flying_high_01_02_03_TS.wav,1,96000,7.06,WAV
/Users/jackbowers/Archived - Box Sync/Language_Data/Mixtepec_Mixtec/media/speech-mix/annotate-later/duplicateTokens/S_MTN_the_elders_come_here_01_02_TS.wav,1,96000,3.58,WAV
/Users/jackbowers/Archived - Box Sync/Language_Data/Mixtepec_Mixtec/media/speech-mix/annotate-later/duplicateTokens/S_QNTY_few_people_pl_form_eat_CMPL_food_01_spkrTS.wav,1,96000,1.27,WAV
/Users/jackbowers/Archived - Box Sync/Language_Data/Mixtepec_Mixtec/media/speech-mix/annotate-later/duplicateTokens/S_Q_do_you_inf_see_me_ANS_NEG_no_I_dont_see_you_inf_01_02_spkrTS.wav,1,96000,3.26,WAV
/Users/jackbowers/Archived - Box Sync/Language_Data/Mixtepec_Mixtec/media/speech-mix/annotate-later/duplicateTokens/S_Q_does_he_need_a_new_heart_01_spkrTS.wav,1,32000,1.81,WAV
/Users/jackbowers/Archived - Box Sync/Language_Data/Mixtepec_Mixtec/media/speech-mix/annotate-later/duplicateTokens/S_Q_does_he_need_a_new_heart_02_spkrTS.wav,1,32000,1.86,WAV
/Users/jackbowers/Archived - Box Sync/Language_Data/Mixtepec_Mixtec/media/speech-mix/annotate-later/duplicateTokens/S_Q_is_it_sunny_today_01_TS.wav,1,32000,2.14,WAV
/Users/jackbowers/Archived - Box Sync/Language_Data/Mixtepec_Mixtec/media/speech-mix/annotate-later/duplicateTokens/S_Q_where_did_Claudia_eat_01_spkrTS.wav,2,96000,14.61,WAV
/Users/jackbowers/Archived - Box Sync/Language_Data/Mixtepec_Mixtec/media/speech-mix/annotate-later/duplicateTokens/S_Q_why_didnt_we_eat_monday_01_02.wav,2,96000,7.81,WAV
/Users/jackbowers/Archived - Box Sync/Language_Data/Mixtepec_Mixtec/media/speech-mix/annotate-later/duplicateTokens/S_STV_BEunhappy-worried_1s_01_02_03_TS.wav,1,96000,6.01,WAV
/Users/jackbowers/Archived - Box Sync/Language_Data/Mixtepec_Mixtec/media/speech-mix/annotate-later/duplicateTokens/S_TRANS_bring_up_U_cat_A_boy_LOC_tree_01_spkrTS.wav,1,96000,3.66,WAV
/Users/jackbowers/Archived - Box Sync/Language_Data/Mixtepec_Mixtec/media/speech-mix/annotate-later/duplicateTokens/S_TRANS_bring_up_U_cat_A_boy_LOC_tree_02_spkrTS.wav,1,96000,2.57,WAV
/Users/jackbowers/Archived - Box Sync/Language_Data/Mixtepec_Mixtec/media/speech-mix/annotate-later/duplicateTokens/S_TRANS_bring_up_U_cat_A_boy_LOC_tree_03_spkrTS.wav,1,96000,3.6,WAV
/Users/jackbowers/Archived - Box Sync/Language_Data/Mixtepec_Mixtec/media/speech-mix/annotate-later/duplicateTokens/S_eat_1s_tortillas_01_02_JS.wav,1,96000,2.87,WAV
/Users/jackbowers/Archived - Box Sync/Language_Data/Mixtepec_Mixtec/media/speech-mix/annotate-later/duplicateTokens/S_eat_3rd_sg_inf_IMP_PROG_when_the_phone_rang_02_s.wav,1,96000,2.52,WAV
/Users/jackbowers/Archived - Box Sync/Language_Data/Mixtepec_Mixtec/media/speech-mix/annotate-later/duplicateTokens/S_eat_3rd_sg_inf_salt_01_spkrJS.wav,1,96000,1.25,WAV
/Users/jackbowers/Archived - Box Sync/Language_Data/Mixtepec_Mixtec/media/speech-mix/annotate-later/duplicateTokens/S_eat_breakfast_3pl_f_all_everyday_01_02_TS.wav,1,96000,19.33,WAV
/Users/jackbowers/Archived - Box Sync/Language_Data/Mixtepec_Mixtec/media/speech-mix/annotate-later/duplicateTokens/S_frog_LOC_top_of_the_basket_01_02_03_TS.wav,1,96000,5.39,WAV
/Users/jackbowers/Archived - Box Sync/Language_Data/Mixtepec_Mixtec/media/speech-mix/annotate-later/duplicateTokens/S_frog_LOC_top_of_the_basket_03_TS.wav,1,96000,1.68,WAV
/Users/jackbowers/Archived - Box Sync/Language_Data/Mixtepec_Mixtec/media/speech-mix/annotate-later/duplicateTokens/S_give_1st_sg_NEG_FUT_money_to_Jack_02_spkrJS.wav,1,96000,2.17,WAV
/Users/jackbowers/Archived - Box Sync/Language_Data/Mixtepec_Mixtec/media/speech-mix/annotate-later/duplicateTokens/S_have_1st_pl_excl_the_same_mother_and_father_02_spkrTS.wav,1,96000,2.66,WAV
/Users/jackbowers/Archived - Box Sync/Language_Data/Mixtepec_Mixtec/media/speech-mix/annotate-later/duplicateTokens/S_jump_1st_sg_on_the_bed_01_spkrTS.wav,1,96000,1.61,WAV
/Users/jackbowers/Archived - Box Sync/Language_Data/Mixtepec_Mixtec/media/speech-mix/annotate-later/duplicateTokens/S_live_1st_sg_FUT_LOC_home_until_get_married_1st_sg_02_spkrTS.wav,1,96000,2.01,WAV
/Users/jackbowers/Archived - Box Sync/Language_Data/Mixtepec_Mixtec/media/speech-mix/annotate-later/duplicateTokens/S_my_car_broke_down_04_spkrJS.wav,1,22050,2.19,WAV
/Users/jackbowers/Archived - Box Sync/Language_Data/Mixtepec_Mixtec/media/speech-mix/annotate-later/duplicateTokens/S_my_friend_LOC_inside_01_02_03_spkrTS.wav,1,96000,5.33,WAV
/Users/jackbowers/Archived - Box Sync/Language_Data/Mixtepec_Mixtec/media/speech-mix/annotate-later/duplicateTokens/S_my_mother_wakes_up_early_02_TS.wav,1,96000,1.17,WAV
/Users/jackbowers/Archived - Box Sync/Language_Data/Mixtepec_Mixtec/media/speech-mix/annotate-later/duplicateTokens/S_my_siblings_are_older_than_I_01_02_TS.wav,1,96000,28.99,WAV
/Users/jackbowers/Archived - Box Sync/Language_Data/Mixtepec_Mixtec/media/speech-mix/annotate-later/duplicateTokens/S_my_siblings_do_not_live_at_home_01_spkrTS.wav,1,96000,2.19,WAV
/Users/jackbowers/Archived - Box Sync/Language_Data/Mixtepec_Mixtec/media/speech-mix/annotate-later/duplicateTokens/S_nine_husbands_eat_salt_04.wav,1,96000,2.57,WAV
/Users/jackbowers/Archived - Box Sync/Language_Data/Mixtepec_Mixtec/media/speech-mix/annotate-later/duplicateTokens/S_she_only_drinks_coffee_POSS_3rd_sg_form_f_02_spkrTS.wav,1,96000,2.04,WAV
/Users/jackbowers/Archived - Box Sync/Language_Data/Mixtepec_Mixtec/media/speech-mix/annotate-later/duplicateTokens/S_that_priest_hit_me_02_spkrJS.wav,1,22050,1.79,WAV
/Users/jackbowers/Archived - Box Sync/Language_Data/Mixtepec_Mixtec/media/speech-mix/annotate-later/duplicateTokens/S_the_bat_fly_COMPL_get_up_out_of_COMPL_the_cave_03_04_TS.wav,1,96000,7.32,WAV
/Users/jackbowers/Archived - Box Sync/Language_Data/Mixtepec_Mixtec/media/speech-mix/annotate-later/duplicateTokens/S_the_bat_fly_COMPL_to_the_cave_enter_COMPL_01_TS.wav,1,96000,3.13,WAV
/Users/jackbowers/Archived - Box Sync/Language_Data/Mixtepec_Mixtec/media/speech-mix/annotate-later/duplicateTokens/S_the_house_is_on_the_middle_of_the_hill_02_TS.wav,1,96000,1.99,WAV
/Users/jackbowers/Archived - Box Sync/Language_Data/Mixtepec_Mixtec/media/speech-mix/annotate-later/duplicateTokens/S_the_house_is_on_the_top_of_the_hill_01_02.wav,1,96000,4.82,WAV
/Users/jackbowers/Archived - Box Sync/Language_Data/Mixtepec_Mixtec/media/speech-mix/annotate-later/duplicateTokens/S_the_little_kid_climbed_-on-_the_rock_01_02_03_spkrTS.wav,1,96000,8.12,WAV
/Users/jackbowers/Archived - Box Sync/Language_Data/Mixtepec_Mixtec/media/speech-mix/annotate-later/duplicateTokens/S_the_little_kid_put_the_cat_up_in_the_tree_03_spkrTS.wav,1,96000,3.7,WAV
/Users/jackbowers/Archived - Box Sync/Language_Data/Mixtepec_Mixtec/media/speech-mix/annotate-later/duplicateTokens/S_the_tree_LOC_DIST_03_spkrTS.wav,1,96000,1.76,WAV
/Users/jackbowers/Archived - Box Sync/Language_Data/Mixtepec_Mixtec/media/speech-mix/annotate-later/duplicateTokens/S_there_is_an_ant_beLOC_on_my_leg_01_02_TS.wav,1,96000,0.37,WAV
/Users/jackbowers/Archived - Box Sync/Language_Data/Mixtepec_Mixtec/media/speech-mix/annotate-later/duplicateTokens/S_there_is_nothing-container_implied_by_statement-01_02_03_spkrTS.wav,1,96000,4.65,WAV
/Users/jackbowers/Archived - Box Sync/Language_Data/Mixtepec_Mixtec/media/speech-mix/annotate-later/duplicateTokens/S_they_f_sew_clothes_very_well_02_spkrTS.wav,1,96000,2.78,WAV
/Users/jackbowers/Archived - Box Sync/Language_Data/Mixtepec_Mixtec/media/speech-mix/annotate-later/duplicateTokens/V_cut_02_JS.wav,1,96000,1.0,WAV
/Users/jackbowers/Archived - Box Sync/Language_Data/Mixtepec_Mixtec/media/speech-mix/annotate-later/duplicateTokens/V_eat_01_spkrJS.wav,1,96000,0.76,WAV
/Users/jackbowers/Archived - Box Sync/Language_Data/Mixtepec_Mixtec/media/speech-mix/annotate-later/duplicateTokens/V_eat_02_spkrJS.wav,1,96000,0.74,WAV
/Users/jackbowers/Archived - Box Sync/Language_Data/Mixtepec_Mixtec/media/speech-mix/annotate-later/duplicateTokens/V_eat_dinner_03_JS.wav,1,96000,0.83,WAV
/Users/jackbowers/Archived - Box Sync/Language_Data/Mixtepec_Mixtec/media/speech-mix/annotate-later/duplicateTokens/V_go_01_spkrJS.wav,1,44100,0.68,WAV
/Users/jackbowers/Archived - Box Sync/Language_Data/Mixtepec_Mixtec/media/speech-mix/annotate-later/duplicateTokens/V_go_02_spkrJS.wav,1,44100,0.69,WAV
/Users/jackbowers/Archived - Box Sync/Language_Data/Mixtepec_Mixtec/media/speech-mix/annotate-later/duplicateTokens/V_see_1s_01_02_TS.wav,1,96000,1.44,WAV
/Users/jackbowers/Archived - Box Sync/Language_Data/Mixtepec_Mixtec/media/speech-mix/annotate-later/duplicateTokens/V_speak_1st_sg_02_spkrTS.wav,1,96000,0.76,WAV
/Users/jackbowers/Archived - Box Sync/Language_Data/Mixtepec_Mixtec/media/speech-mix/annotate-later/duplicateTokens/WH_how_01_spkrJS.wav,1,96000,0.76,WAV
/Users/jackbowers/Archived - Box Sync/Language_Data/Mixtepec_Mixtec/media/speech-mix/annotate-later/duplicateTokens/WH_how_02_spkrJS.wav,1,96000,0.76,WAV
/Users/jackbowers/Archived - Box Sync/Language_Data/Mixtepec_Mixtec/media/speech-mix/annotate-later/duplicateTokens/WH_what_04_spkrJS.wav,1,96000,0.71,WAV
/Users/jackbowers/Archived - Box Sync/Language_Data/Mixtepec_Mixtec/media/speech-mix/annotate-later/duplicateTokens/WH_when_01_02_spkrJS.wav,1,96000,2.69,WAV
/Users/jackbowers/Archived - Box Sync/Language_Data/Mixtepec_Mixtec/media/speech-mix/annotate-later/duplicateTokens/WH_where_01_spkrFS.wav,1,44100,0.47,WAV
/Users/jackbowers/Archived - Box Sync/Language_Data/Mixtepec_Mixtec/media/speech-mix/annotate-later/duplicateTokens/WH_where_01_spkrJS.wav,1,96000,0.94,WAV
/Users/jackbowers/Archived - Box Sync/Language_Data/Mixtepec_Mixtec/media/speech-mix/annotate-later/duplicateTokens/WH_where_02_spkrJS.wav,1,96000,0.77,WAV
/Users/jackbowers/Archived - Box Sync/Language_Data/Mixtepec_Mixtec/media/speech-mix/annotate-later/duplicateTokens/WH_where_03_spkrJS.wav,1,96000,0.86,WAV
/Users/jackbowers/Archived - Box Sync/Language_Data/Mixtepec_Mixtec/media/speech-mix/annotate-later/duplicateTokens/WH_where_04_spkrJS.wav,1,96000,0.87,WAV
/Users/jackbowers/Archived - Box Sync/Language_Data/Mixtepec_Mixtec/media/speech-mix/annotate-later/duplicateTokens/be_at_home_FUT_1s_3sinf_01_02_03_TS.wav,1,96000,27.42,WAV
/Users/jackbowers/Archived - Box Sync/Language_Data/Mixtepec_Mixtec/media/speech-mix/annotate-later/duplicateTokens/body_part_relations_face_head_1s_01_02_TS.wav,1,96000,5.03,WAV
/Users/jackbowers/Archived - Box Sync/Language_Data/Mixtepec_Mixtec/media/speech-mix/annotate-later/duplicateTokens/mother-01_JS.wav,1,96000,0.82,WAV
/Users/jackbowers/Archived - Box Sync/Language_Data/Mixtepec_Mixtec/media/speech-mix/annotate-later/duplicateTokens/mother-1s-02_TS.wav,1,96000,0.55,WAV
/Users/jackbowers/Archived - Box Sync/Language_Data/Mixtepec_Mixtec/media/speech-mix/annotate-later/duplicateTokens/myongs_recording_20110224-JS.wav,2,44100,193.33,WAV
/Users/jackbowers/Archived - Box Sync/Language_Data/Mixtepec_Mixtec/media/speech-mix/annotate-later/duplicateTokens/tall_1s_01_JS.wav,1,22050,0.67,WAV
/Users/jackbowers/Archived - Box Sync/Language_Data/Mixtepec_Mixtec/media/speech-mix/annotate-later/longerFiles/CONV_JS-mother.wav,1,96000,104.17,WAV
/Users/jackbowers/Archived - Box Sync/Language_Data/Mixtepec_Mixtec/media/speech-mix/annotate-later/longerFiles/CONV_spkrJS_Aunt_053112.wav,1,96000,600.0,WAV
/Users/jackbowers/Archived - Box Sync/Language_Data/Mixtepec_Mixtec/media/speech-mix/annotate-later/longerFiles/Fausto_Sanchez_mix.wav,1,44100,143.15,WAV
/Users/jackbowers/Archived - Box Sync/Language_Data/Mixtepec_Mixtec/media/speech-mix/annotate-later/longerFiles/L154-spkrTS.wav,1,96000,104.17,WAV
/Users/jackbowers/Archived - Box Sync/Language_Data/Mixtepec_Mixtec/media/speech-mix/annotate-later/longerFiles/MONO_description_of_baby_goat_video_TS.wav,1,96000,22.41,WAV
/Users/jackbowers/Archived - Box Sync/Language_Data/Mixtepec_Mixtec/media/speech-mix/annotate-later/need-enhancement/mix_tisus_trip_20130113/FILE004.wav,1,8000,48.83,WAV
/Users/jackbowers/Archived - Box Sync/Language_Data/Mixtepec_Mixtec/media/speech-mix/annotate-later/need-enhancement/mix_tisus_trip_20130113/FILE005.wav,1,8000,449.94,WAV
/Users/jackbowers/Archived - Box Sync/Language_Data/Mixtepec_Mixtec/media/speech-mix/annotate-later/need-enhancement/mix_tisus_trip_20130113/FILE006.wav,1,8000,420.57,WAV
/Users/jackbowers/Archived - Box Sync/Language_Data/Mixtepec_Mixtec/media/speech-mix/annotate-later/need-enhancement/mix_tisus_trip_20130113/FILE007.wav,1,8000,7.32,WAV
/Users/jackbowers/Archived - Box Sync/Language_Data/Mixtepec_Mixtec/media/speech-mix/annotate-later/need-enhancement/mix_tisus_trip_20130113/FILE009.wav,1,8000,14.95,WAV
/Users/jackbowers/Archived - Box Sync/Language_Data/Mixtepec_Mixtec/media/speech-mix/annotate-later/need-enhancement/mix_tisus_trip_20130113/FILE010.wav,1,8000,132.83,WAV
/Users/jackbowers/Archived - Box Sync/Language_Data/Mixtepec_Mixtec/media/speech-mix/annotate-later/need-enhancement/mix_tisus_trip_20130113/FILE011.wav,1,8000,2337.8,WAV
/Users/jackbowers/Archived - Box Sync/Language_Data/Mixtepec_Mixtec/media/speech-mix/annotate-later/need-enhancement/mix_tisus_trip_20130113/FILE012.wav,1,8000,200.44,WAV
/Users/jackbowers/Archived - Box Sync/Language_Data/Mixtepec_Mixtec/media/speech-mix/annotate-later/need-enhancement/mix_tisus_trip_20130113/FILE013.wav,1,8000,89.56,WAV
/Users/jackbowers/Archived - Box Sync/Language_Data/Mixtepec_Mixtec/media/speech-mix/annotate-later/need-enhancement/mix_tisus_trip_20130113/FILE014.wav,1,8000,27.31,WAV
/Users/jackbowers/Archived - Box Sync/Language_Data/Mixtepec_Mixtec/media/speech-mix/annotate-later/need-enhancement/mix_tisus_trip_20130113/FILE015.wav,1,8000,126.78,WAV
/Users/jackbowers/Archived - Box Sync/Language_Data/Mixtepec_Mixtec/media/speech-mix/annotate-later/need_help-glossing/S_CLS1_he_used_to_throw_a_ball_to_me_CLS2_and_I_used_to_throw_it_back_to_him_01_spkrTS.wav,1,96000,4.33,WAV
/Users/jackbowers/Archived - Box Sync/Language_Data/Mixtepec_Mixtec/media/speech-mix/annotate-later/need_help-glossing/S_CLS1_they_got_maried_and_CLS2_have_3rd_pl_kids_02_spkrTS.wav,1,96000,2.43,WAV
/Users/jackbowers/Archived - Box Sync/Language_Data/Mixtepec_Mixtec/media/speech-mix/annotate-later/need_help-glossing/S_I_know_a_lot_about_people_from_Tenochtítlán-Mexico_City_01_02_03_TS.wav,1,96000,10.59,WAV
/Users/jackbowers/Archived - Box Sync/Language_Data/Mixtepec_Mixtec/media/speech-mix/annotate-later/need_help-glossing/S_Q_why_didnt_we_eat_monday_03_spkrTS.wav,1,96000,3.79,WAV
/Users/jackbowers/Archived - Box Sync/Language_Data/Mixtepec_Mixtec/media/speech-mix/annotate-later/need_help-glossing/S_be-married_1s_NEG_01_02_TS.wav,1,96000,3.05,WAV
/Users/jackbowers/Archived - Box Sync/Language_Data/Mixtepec_Mixtec/media/speech-mix/annotate-later/need_help-glossing/S_birds_lay_eggs_their_babies_hatch_from_them_01_02_TS.wav,1,96000,9.21,WAV
/Users/jackbowers/Archived - Box Sync/Language_Data/Mixtepec_Mixtec/media/speech-mix/annotate-later/need_help-glossing/S_have_1st_pl_excl_the_same_mother_and_father_01_spkrTS.wav,1,96000,2.84,WAV
/Users/jackbowers/Archived - Box Sync/Language_Data/Mixtepec_Mixtec/media/speech-mix/annotate-later/need_help-glossing/S_it_is_not_my_grandmas_book_01_02_TS.wav,1,96000,6.05,WAV
/Users/jackbowers/Archived - Box Sync/Language_Data/Mixtepec_Mixtec/media/speech-mix/annotate-later/need_help-glossing/S_it_rains_everyday_in_november_01_02_03_TS.wav,1,96000,8.33,WAV
/Users/jackbowers/Archived - Box Sync/Language_Data/Mixtepec_Mixtec/media/speech-mix/annotate-later/need_help-glossing/S_know_1s_about_the_aztecs_01_02_03_TS.wav,1,96000,14.81,WAV
/Users/jackbowers/Archived - Box Sync/Language_Data/Mixtepec_Mixtec/media/speech-mix/annotate-later/need_help-glossing/S_like_CMPL_1pl_it_very_much_01_02_TS.wav,1,96000,14.49,WAV
/Users/jackbowers/Archived - Box Sync/Language_Data/Mixtepec_Mixtec/media/speech-mix/annotate-later/need_help-glossing/S_mother_1s_repaired_clothes_1pl_when_we_were_young_01_TS.wav,1,96000,11.67,WAV
/Users/jackbowers/Archived - Box Sync/Language_Data/Mixtepec_Mixtec/media/speech-mix/annotate-later/need_help-glossing/S_owl_get_up_COMPL_from_the tree_01_02_03_TS.wav,1,96000,7.99,WAV
/Users/jackbowers/Archived - Box Sync/Language_Data/Mixtepec_Mixtec/media/speech-mix/annotate-later/need_help-glossing/S_she_only_drinks_coffee_POSS_3rd_sg_form_f_01_spkrTS.wav,1,96000,1.9,WAV
/Users/jackbowers/Archived - Box Sync/Language_Data/Mixtepec_Mixtec/media/speech-mix/annotate-later/need_help-glossing/S_the_adult_scrub_Jay_took_away_the_acorn_that_the_baby_had_01_02_TS.wav,1,96000,10.71,WAV
/Users/jackbowers/Archived - Box Sync/Language_Data/Mixtepec_Mixtec/media/speech-mix/annotate-later/need_help-glossing/S_the_grandmother_does_not_eat_breakfast_everyday_01_spkrTS.wav,1,96000,2.7,WAV
/Users/jackbowers/Archived - Box Sync/Language_Data/Mixtepec_Mixtec/media/speech-mix/annotate-later/need_help-glossing/body_part_relations_head_chest_2s_inf_01_02_TS.wav,1,96000,6.88,WAV
/Users/jackbowers/Archived - Box Sync/Language_Data/Mixtepec_Mixtec/media/speech-mix/new-unprocessed/Conv-Mixtec5-JS-HS-F1.wav,1,48000,46.25,WAV
/Users/jackbowers/Archived - Box Sync/Language_Data/Mixtepec_Mixtec/media/speech-mix/new-unprocessed/Nuu i-JS.wav,1,44100,9.01,WAV
/Users/jackbowers/Archived - Box Sync/Language_Data/Mixtepec_Mixtec/media/speech-mix/new-unprocessed/S-Dolor-JS-F1.wav,1,44100,10.29,WAV
/Users/jackbowers/Archived - Box Sync/Language_Data/Mixtepec_Mixtec/media/speech-mix/new-unprocessed/S-Leather-F1.wav,1,48000,4.31,WAV
/Users/jackbowers/Archived - Box Sync/Language_Data/Mixtepec_Mixtec/media/speech-mix/new-unprocessed/comidas-y-frutas-ITA-DNS.wav,2,96000,149.98,WAV
/Users/jackbowers/Archived - Box Sync/Language_Data/Mixtepec_Mixtec/media/speech-mix/new-unprocessed/como-llamar-familiares-ITA-DNS.wav,2,96000,123.73,WAV
/Users/jackbowers/Archived - Box Sync/Language_Data/Mixtepec_Mixtec/media/speech-mix/new-unprocessed/hail-one-be_TS.wav,1,96000,6.58,WAV
/Users/jackbowers/Archived - Box Sync/Language_Data/Mixtepec_Mixtec/media/speech-mix/new-unprocessed/iin-be2_TS.wav,1,96000,9.28,WAV
/Users/jackbowers/Archived - Box Sync/Language_Data/Mixtepec_Mixtec/media/speech-mix/new-unprocessed/iin-be_TS.wav,1,96000,20.99,WAV
/Users/jackbowers/Archived - Box Sync/Language_Data/Mixtepec_Mixtec/media/speech-mix/new-unprocessed/in-1-Saúl-DNS.mp3,2,44100,15.36,MP3
/Users/jackbowers/Archived - Box Sync/Language_Data/Mixtepec_Mixtec/media/speech-mix/new-unprocessed/in-2-Saúl-DNS.mp3,2,44100,24.17,MP3
/Users/jackbowers/Archived - Box Sync/Language_Data/Mixtepec_Mixtec/media/speech-mix/new-unprocessed/los-numeros-ITA-DNS.wav,2,96000,153.89,WAV
/Users/jackbowers/Archived - Box Sync/Language_Data/Mixtepec_Mixtec/media/speech-mix/new-unprocessed/sentimientos-y-necessidades_ITA-DNS.wav,1,96000,147.01,WAV
/Users/jackbowers/Archived - Box Sync/Language_Data/Mixtepec_Mixtec/media/speech-mix/with-txtgrd/ADJ_beautiful_anim_01_JS.wav,1,44100,1.28,WAV
/Users/jackbowers/Archived - Box Sync/Language_Data/Mixtepec_Mixtec/media/speech-mix/with-txtgrd/ADJ_beautiful_inan_01_JS.wav,1,44100,0.8,WAV
/Users/jackbowers/Archived - Box Sync/Language_Data/Mixtepec_Mixtec/media/speech-mix/with-txtgrd/ADJ_big_01_02_03_JS.wav,1,44100,3.48,WAV
/Users/jackbowers/Archived - Box Sync/Language_Data/Mixtepec_Mixtec/media/speech-mix/with-txtgrd/ADJ_dangerous_01_JS.wav,1,96000,0.9,WAV
/Users/jackbowers/Archived - Box Sync/Language_Data/Mixtepec_Mixtec/media/speech-mix/with-txtgrd/ADJ_dangerous_02_JS.wav,1,96000,0.85,WAV
/Users/jackbowers/Archived - Box Sync/Language_Data/Mixtepec_Mixtec/media/speech-mix/with-txtgrd/ADJ_difficult_01_02_spkrTS.wav,1,96000,3.16,WAV
/Users/jackbowers/Archived - Box Sync/Language_Data/Mixtepec_Mixtec/media/speech-mix/with-txtgrd/ADJ_fat_01_02_spkrTS.wav,1,96000,2.11,WAV
/Users/jackbowers/Archived - Box Sync/Language_Data/Mixtepec_Mixtec/media/speech-mix/with-txtgrd/ADJ_heavy_01_02_03_JS.wav,1,44100,3.34,WAV
/Users/jackbowers/Archived - Box Sync/Language_Data/Mixtepec_Mixtec/media/speech-mix/with-txtgrd/ADJ_long_DIST_01_02_03_JS.wav,1,44100,3.97,WAV
/Users/jackbowers/Archived - Box Sync/Language_Data/Mixtepec_Mixtec/media/speech-mix/with-txtgrd/ADJ_long_SHAPE_01_02_03_TS.wav,1,44100,3.79,WAV
/Users/jackbowers/Archived - Box Sync/Language_Data/Mixtepec_Mixtec/media/speech-mix/with-txtgrd/ADJ_new_01_spkrJS.wav,1,96000,0.66,WAV
/Users/jackbowers/Archived - Box Sync/Language_Data/Mixtepec_Mixtec/media/speech-mix/with-txtgrd/ADJ_new_01_spkrTS.wav,1,32000,0.42,WAV
/Users/jackbowers/Archived - Box Sync/Language_Data/Mixtepec_Mixtec/media/speech-mix/with-txtgrd/ADJ_new_02_spkrJS.wav,1,96000,0.65,WAV
/Users/jackbowers/Archived - Box Sync/Language_Data/Mixtepec_Mixtec/media/speech-mix/with-txtgrd/ADJ_new_02_spkrTS.wav,1,32000,0.41,WAV
/Users/jackbowers/Archived - Box Sync/Language_Data/Mixtepec_Mixtec/media/speech-mix/with-txtgrd/ADJ_not-difficult_01_02_03_spkrTS.wav,1,96000,4.27,WAV
/Users/jackbowers/Archived - Box Sync/Language_Data/Mixtepec_Mixtec/media/speech-mix/with-txtgrd/ADJ_sacred_01_02_03_04_JS.wav,1,96000,2.76,WAV
/Users/jackbowers/Archived - Box Sync/Language_Data/Mixtepec_Mixtec/media/speech-mix/with-txtgrd/ADJ_short_01_02_03_JS.wav,1,44100,4.9,WAV
/Users/jackbowers/Archived - Box Sync/Language_Data/Mixtepec_Mixtec/media/speech-mix/with-txtgrd/ADJ_skinny_01_02_03_spkrJS.wav,1,44100,4.72,WAV
/Users/jackbowers/Archived - Box Sync/Language_Data/Mixtepec_Mixtec/media/speech-mix/with-txtgrd/ADJ_small_01_spkrJS.wav,1,44100,1.38,WAV
/Users/jackbowers/Archived - Box Sync/Language_Data/Mixtepec_Mixtec/media/speech-mix/with-txtgrd/ADJ_smelly_01_02_03_spkrTS.wav,1,96000,2.58,WAV
/Users/jackbowers/Archived - Box Sync/Language_Data/Mixtepec_Mixtec/media/speech-mix/with-txtgrd/ADJ_tall_1st_pl_01_JS.wav,1,22050,1.24,WAV
/Users/jackbowers/Archived - Box Sync/Language_Data/Mixtepec_Mixtec/media/speech-mix/with-txtgrd/ADJ_tall_1st_sg_01_JS.wav,1,22050,0.67,WAV
/Users/jackbowers/Archived - Box Sync/Language_Data/Mixtepec_Mixtec/media/speech-mix/with-txtgrd/ADJ_tall_2nd_sg_form_01_JS.wav,1,22050,1.0,WAV
/Users/jackbowers/Archived - Box Sync/Language_Data/Mixtepec_Mixtec/media/speech-mix/with-txtgrd/ADJ_tall_2nd_sg_inf_01_JS.wav,1,22050,0.94,WAV
/Users/jackbowers/Archived - Box Sync/Language_Data/Mixtepec_Mixtec/media/speech-mix/with-txtgrd/ADJ_thick_OBJ_01_02_03_JS.wav,1,44100,3.82,WAV
/Users/jackbowers/Archived - Box Sync/Language_Data/Mixtepec_Mixtec/media/speech-mix/with-txtgrd/ADJ_thin-narrow_OBJ_01_02_03_JS.wav,1,44100,3.74,WAV
/Users/jackbowers/Archived - Box Sync/Language_Data/Mixtepec_Mixtec/media/speech-mix/with-txtgrd/ADJ_wide_01_02_03_JS.wav,1,44100,3.97,WAV
/Users/jackbowers/Archived - Box Sync/Language_Data/Mixtepec_Mixtec/media/speech-mix/with-txtgrd/ADPOS-CONFG_above-over-north_01_02_03_spkrTS.wav,1,96000,2.38,WAV
/Users/jackbowers/Archived - Box Sync/Language_Data/Mixtepec_Mixtec/media/speech-mix/with-txtgrd/ADPOS-CONFG_below-under-south_01_02_spkrTS.wav,1,96000,1.94,WAV
/Users/jackbowers/Archived - Box Sync/Language_Data/Mixtepec_Mixtec/media/speech-mix/with-txtgrd/ADV_NEG_not_01_02_spkrJS.wav,1,96000,1.75,WAV
/Users/jackbowers/Archived - Box Sync/Language_Data/Mixtepec_Mixtec/media/speech-mix/with-txtgrd/ADV_TEMP_early_01_02_03_spkrTS.wav,1,96000,3.23,WAV
/Users/jackbowers/Archived - Box Sync/Language_Data/Mixtepec_Mixtec/media/speech-mix/with-txtgrd/ADV_again_01_JS.wav,1,96000,1.22,WAV
/Users/jackbowers/Archived - Box Sync/Language_Data/Mixtepec_Mixtec/media/speech-mix/with-txtgrd/ADV_again_02_JS.wav,1,96000,1.34,WAV
/Users/jackbowers/Archived - Box Sync/Language_Data/Mixtepec_Mixtec/media/speech-mix/with-txtgrd/ADV_no_01_02_spkrTS.wav,1,96000,2.14,WAV
/Users/jackbowers/Archived - Box Sync/Language_Data/Mixtepec_Mixtec/media/speech-mix/with-txtgrd/ADV_no_01_spkrJS.wav,1,96000,0.6,WAV
/Users/jackbowers/Archived - Box Sync/Language_Data/Mixtepec_Mixtec/media/speech-mix/with-txtgrd/ADV_no_01_spkrTS.wav,1,96000,0.65,WAV
/Users/jackbowers/Archived - Box Sync/Language_Data/Mixtepec_Mixtec/media/speech-mix/with-txtgrd/ADV_no_02_spkrJS.wav,1,96000,0.56,WAV
/Users/jackbowers/Archived - Box Sync/Language_Data/Mixtepec_Mixtec/media/speech-mix/with-txtgrd/ADV_no_02_spkrTS.wav,1,96000,0.6,WAV
/Users/jackbowers/Archived - Box Sync/Language_Data/Mixtepec_Mixtec/media/speech-mix/with-txtgrd/ADV_not_02_spkrJS.wav,1,44100,1.21,WAV
/Users/jackbowers/Archived - Box Sync/Language_Data/Mixtepec_Mixtec/media/speech-mix/with-txtgrd/ADV_only_01_spkrTS.wav,1,96000,0.64,WAV
/Users/jackbowers/Archived - Box Sync/Language_Data/Mixtepec_Mixtec/media/speech-mix/with-txtgrd/ADV_the_other_day_01_spkrTS.wav,1,96000,1.0,WAV
/Users/jackbowers/Archived - Box Sync/Language_Data/Mixtepec_Mixtec/media/speech-mix/with-txtgrd/ADV_yes_01_02_spkrTS.wav,1,96000,2.79,WAV
/Users/jackbowers/Archived - Box Sync/Language_Data/Mixtepec_Mixtec/media/speech-mix/with-txtgrd/ADV_yes_01_spkrJS.wav,1,96000,0.55,WAV
/Users/jackbowers/Archived - Box Sync/Language_Data/Mixtepec_Mixtec/media/speech-mix/with-txtgrd/ADV_yes_01_spkrTS.wav,1,96000,0.6,WAV
/Users/jackbowers/Archived - Box Sync/Language_Data/Mixtepec_Mixtec/media/speech-mix/with-txtgrd/ADV_yes_02_spkrJS.wav,1,96000,0.57,WAV
/Users/jackbowers/Archived - Box Sync/Language_Data/Mixtepec_Mixtec/media/speech-mix/with-txtgrd/ADV_yes_02_spkrTS.wav,1,96000,0.6,WAV
/Users/jackbowers/Archived - Box Sync/Language_Data/Mixtepec_Mixtec/media/speech-mix/with-txtgrd/ADV_yes_v2_01_02_spkrTS.wav,1,96000,2.56,WAV
/Users/jackbowers/Archived - Box Sync/Language_Data/Mixtepec_Mixtec/media/speech-mix/with-txtgrd/ADV_yesterday_01_spkrTS.wav,1,96000,0.78,WAV
/Users/jackbowers/Archived - Box Sync/Language_Data/Mixtepec_Mixtec/media/speech-mix/with-txtgrd/BPT_arm_01_02_03_spkrTS.wav,1,96000,2.48,WAV
/Users/jackbowers/Archived - Box Sync/Language_Data/Mixtepec_Mixtec/media/speech-mix/with-txtgrd/BPT_belly_button_01_02_03_spkrTS.wav,1,96000,3.21,WAV
/Users/jackbowers/Archived - Box Sync/Language_Data/Mixtepec_Mixtec/media/speech-mix/with-txtgrd/BPT_body_01_02_03_spkrTS.wav,1,96000,2.38,WAV
/Users/jackbowers/Archived - Box Sync/Language_Data/Mixtepec_Mixtec/media/speech-mix/with-txtgrd/BPT_face_01_TS.wav,1,96000,0.62,WAV
/Users/jackbowers/Archived - Box Sync/Language_Data/Mixtepec_Mixtec/media/speech-mix/with-txtgrd/CLR_blue_01_02_TS.wav,1,96000,5.5,WAV
/Users/jackbowers/Archived - Box Sync/Language_Data/Mixtepec_Mixtec/media/speech-mix/with-txtgrd/CLR_dark_grey_01_02_TS.wav,1,96000,2.15,WAV
/Users/jackbowers/Archived - Box Sync/Language_Data/Mixtepec_Mixtec/media/speech-mix/with-txtgrd/CLR_green_01_spkrJS.wav,1,96000,0.77,WAV
/Users/jackbowers/Archived - Box Sync/Language_Data/Mixtepec_Mixtec/media/speech-mix/with-txtgrd/CLR_white_01_spkrJS.wav,1,96000,0.68,WAV
/Users/jackbowers/Archived - Box Sync/Language_Data/Mixtepec_Mixtec/media/speech-mix/with-txtgrd/CLR_white_02_spkrJS.wav,1,96000,0.61,WAV
/Users/jackbowers/Archived - Box Sync/Language_Data/Mixtepec_Mixtec/media/speech-mix/with-txtgrd/CLR_yellow_01_02_TS.wav,1,96000,2.39,WAV
/Users/jackbowers/Archived - Box Sync/Language_Data/Mixtepec_Mixtec/media/speech-mix/with-txtgrd/CMND_come_DEIXS_LOC_1st_sg_01_02_03_spkrTS.wav,1,96000,4.37,WAV
/Users/jackbowers/Archived - Box Sync/Language_Data/Mixtepec_Mixtec/media/speech-mix/with-txtgrd/CMND_come_down_01_02_03_TS.wav,1,96000,4.12,WAV
/Users/jackbowers/Archived - Box Sync/Language_Data/Mixtepec_Mixtec/media/speech-mix/with-txtgrd/CONFIG-body_parts-back_butt_01_02_03_TS.wav,1,96000,16.16,WAV
/Users/jackbowers/Archived - Box Sync/Language_Data/Mixtepec_Mixtec/media/speech-mix/with-txtgrd/CONFIG-body_parts-ears_head_01_02_TS.wav,1,96000,10.64,WAV
/Users/jackbowers/Archived - Box Sync/Language_Data/Mixtepec_Mixtec/media/speech-mix/with-txtgrd/CONFIG-body_parts-ears_head_3form-all_01_02_TS.wav,1,96000,12.1,WAV
/Users/jackbowers/Archived - Box Sync/Language_Data/Mixtepec_Mixtec/media/speech-mix/with-txtgrd/CONFIG-body_parts-face_head_01_02_TS.wav,1,96000,5.45,WAV
/Users/jackbowers/Archived - Box Sync/Language_Data/Mixtepec_Mixtec/media/speech-mix/with-txtgrd/CONFIG-body_parts-face_head_3s-inf_01_02_TS.wav,1,96000,5.03,WAV
/Users/jackbowers/Archived - Box Sync/Language_Data/Mixtepec_Mixtec/media/speech-mix/with-txtgrd/CONFIG-body_parts-head_chest_01_02_TS.wav,1,96000,6.89,WAV
/Users/jackbowers/Archived - Box Sync/Language_Data/Mixtepec_Mixtec/media/speech-mix/with-txtgrd/CONFIG-body_parts-head_foot_01_02_TS.wav,1,96000,8.11,WAV
/Users/jackbowers/Archived - Box Sync/Language_Data/Mixtepec_Mixtec/media/speech-mix/with-txtgrd/CONFIG-body_parts-nose_eyes_face_3form-all_01_02_TS.wav,1,96000,9.56,WAV
/Users/jackbowers/Archived - Box Sync/Language_Data/Mixtepec_Mixtec/media/speech-mix/with-txtgrd/CORP_bone_01_02_03_spkrTS.wav,1,96000,2.39,WAV
/Users/jackbowers/Archived - Box Sync/Language_Data/Mixtepec_Mixtec/media/speech-mix/with-txtgrd/CORP_butt_01_02_03_spkrTS.wav,1,96000,2.52,WAV
/Users/jackbowers/Archived - Box Sync/Language_Data/Mixtepec_Mixtec/media/speech-mix/with-txtgrd/CORP_ears_01_02_03_spkrTS.wav,1,96000,2.44,WAV
/Users/jackbowers/Archived - Box Sync/Language_Data/Mixtepec_Mixtec/media/speech-mix/with-txtgrd/CORP_eyes_01_02_03_spkrTS.wav,1,96000,3.71,WAV
/Users/jackbowers/Archived - Box Sync/Language_Data/Mixtepec_Mixtec/media/speech-mix/with-txtgrd/CORP_face_01_02_03_spkrTS.wav,1,96000,1.92,WAV
/Users/jackbowers/Archived - Box Sync/Language_Data/Mixtepec_Mixtec/media/speech-mix/with-txtgrd/CORP_head_01_02_03_spkrTS.wav,1,96000,2.93,WAV
/Users/jackbowers/Archived - Box Sync/Language_Data/Mixtepec_Mixtec/media/speech-mix/with-txtgrd/CORP_leg-1s_01_02_03_TS.wav,1,96000,3.47,WAV
/Users/jackbowers/Archived - Box Sync/Language_Data/Mixtepec_Mixtec/media/speech-mix/with-txtgrd/CORP_leg-3s-inf_01_02_03_TS.wav,1,96000,4.46,WAV
/Users/jackbowers/Archived - Box Sync/Language_Data/Mixtepec_Mixtec/media/speech-mix/with-txtgrd/CORP_leg_01_02_03_TS.wav,1,96000,3.62,WAV
/Users/jackbowers/Archived - Box Sync/Language_Data/Mixtepec_Mixtec/media/speech-mix/with-txtgrd/CORP_mouth_01_02_spkrTS.wav,1,96000,1.23,WAV
/Users/jackbowers/Archived - Box Sync/Language_Data/Mixtepec_Mixtec/media/speech-mix/with-txtgrd/CORP_ribs_01_02_03_spkrTS.wav,1,96000,2.48,WAV
/Users/jackbowers/Archived - Box Sync/Language_Data/Mixtepec_Mixtec/media/speech-mix/with-txtgrd/CORP_ribs_1st_sg_01_02_03_spkrTS.wav,1,96000,2.41,WAV
/Users/jackbowers/Archived - Box Sync/Language_Data/Mixtepec_Mixtec/media/speech-mix/with-txtgrd/CORP_skin_03_05_06_spkrJS.wav,1,96000,2.68,WAV
/Users/jackbowers/Archived - Box Sync/Language_Data/Mixtepec_Mixtec/media/speech-mix/with-txtgrd/DEM-LOC-PROX_here_01_02_spkrJS.wav,1,96000,2.81,WAV
/Users/jackbowers/Archived - Box Sync/Language_Data/Mixtepec_Mixtec/media/speech-mix/with-txtgrd/DEM-LOC_DIST_01_02_spkrJS.wav,1,96000,1.91,WAV
/Users/jackbowers/Archived - Box Sync/Language_Data/Mixtepec_Mixtec/media/speech-mix/with-txtgrd/DEM_DIST_there_01_02_spkrJS.wav,1,96000,2.52,WAV
/Users/jackbowers/Archived - Box Sync/Language_Data/Mixtepec_Mixtec/media/speech-mix/with-txtgrd/DEM_PROX_this_01_02_spkrJS.wav,1,96000,2.79,WAV
/Users/jackbowers/Archived - Box Sync/Language_Data/Mixtepec_Mixtec/media/speech-mix/with-txtgrd/DGTS_1-10_01_spkrTS.wav,1,32000,8.03,WAV
/Users/jackbowers/Archived - Box Sync/Language_Data/Mixtepec_Mixtec/media/speech-mix/with-txtgrd/DGTS_191919191919_01_spkrTS.wav,1,32000,7.84,WAV
/Users/jackbowers/Archived - Box Sync/Language_Data/Mixtepec_Mixtec/media/speech-mix/with-txtgrd/DGTS_415-251-1554_01_spkrTS.wav,1,32000,5.59,WAV
/Users/jackbowers/Archived - Box Sync/Language_Data/Mixtepec_Mixtec/media/speech-mix/with-txtgrd/GRT_RESP-hello-how_are_you_inf_01_02_03_TS.wav,1,96000,3.73,WAV
/Users/jackbowers/Archived - Box Sync/Language_Data/Mixtepec_Mixtec/media/speech-mix/with-txtgrd/GRT_hello-how_are_you-form_01_spkrTS.wav,1,96000,1.03,WAV
/Users/jackbowers/Archived - Box Sync/Language_Data/Mixtepec_Mixtec/media/speech-mix/with-txtgrd/GRT_hello-how_are_you_inf_02_spkrTS.wav,1,96000,0.69,WAV
/Users/jackbowers/Archived - Box Sync/Language_Data/Mixtepec_Mixtec/media/speech-mix/with-txtgrd/N-LOC_Yucunany_01_TS.wav,1,96000,0.96,WAV
/Users/jackbowers/Archived - Box Sync/Language_Data/Mixtepec_Mixtec/media/speech-mix/with-txtgrd/NP-ADJ_short_man_01_02_JS.wav,1,44100,3.79,WAV
/Users/jackbowers/Archived - Box Sync/Language_Data/Mixtepec_Mixtec/media/speech-mix/with-txtgrd/NP-ADJ_tall_woman_01_02_03_JS.wav,1,44100,4.8,WAV
/Users/jackbowers/Archived - Box Sync/Language_Data/Mixtepec_Mixtec/media/speech-mix/with-txtgrd/NP_LOC_river-lake_bed_01_02_03_spkrTS.wav,1,96000,2.98,WAV
/Users/jackbowers/Archived - Box Sync/Language_Data/Mixtepec_Mixtec/media/speech-mix/with-txtgrd/NP_a_fat_baby_01_spkrTS.wav,1,96000,1.72,WAV
/Users/jackbowers/Archived - Box Sync/Language_Data/Mixtepec_Mixtec/media/speech-mix/with-txtgrd/NP_a_fat_baby_02_spkrTS.wav,1,96000,1.8,WAV
/Users/jackbowers/Archived - Box Sync/Language_Data/Mixtepec_Mixtec/media/speech-mix/with-txtgrd/NP_new_bird_01_spkrJS.wav,1,96000,1.65,WAV
/Users/jackbowers/Archived - Box Sync/Language_Data/Mixtepec_Mixtec/media/speech-mix/with-txtgrd/NP_new_bird_02_spkrJS.wav,1,96000,1.28,WAV
/Users/jackbowers/Archived - Box Sync/Language_Data/Mixtepec_Mixtec/media/speech-mix/with-txtgrd/NP_opening_of_two_mountains_01_02_03_spkrTS.wav,1,96000,3.98,WAV
/Users/jackbowers/Archived - Box Sync/Language_Data/Mixtepec_Mixtec/media/speech-mix/with-txtgrd/NUM_five_01.wav,1,96000,0.66,WAV
/Users/jackbowers/Archived - Box Sync/Language_Data/Mixtepec_Mixtec/media/speech-mix/with-txtgrd/NUM_five_01_spkrJS.wav,1,96000,0.66,WAV
/Users/jackbowers/Archived - Box Sync/Language_Data/Mixtepec_Mixtec/media/speech-mix/with-txtgrd/NUM_five_02_spkrJS.wav,1,96000,0.72,WAV
/Users/jackbowers/Archived - Box Sync/Language_Data/Mixtepec_Mixtec/media/speech-mix/with-txtgrd/NUM_nine_01_spkrJS.wav,1,96000,0.63,WAV
/Users/jackbowers/Archived - Box Sync/Language_Data/Mixtepec_Mixtec/media/speech-mix/with-txtgrd/NUM_nine_02_spkrJS.wav,1,96000,0.63,WAV
/Users/jackbowers/Archived - Box Sync/Language_Data/Mixtepec_Mixtec/media/speech-mix/with-txtgrd/NUM_nine_04_spkrJS.wav,1,96000,0.46,WAV
/Users/jackbowers/Archived - Box Sync/Language_Data/Mixtepec_Mixtec/media/speech-mix/with-txtgrd/NUM_nine_05_spkrJS.wav,1,96000,0.48,WAV
/Users/jackbowers/Archived - Box Sync/Language_Data/Mixtepec_Mixtec/media/speech-mix/with-txtgrd/NUM_one_01_spkrJS.wav,1,96000,0.62,WAV
/Users/jackbowers/Archived - Box Sync/Language_Data/Mixtepec_Mixtec/media/speech-mix/with-txtgrd/NUM_one_01_spkrTS.wav,1,32000,0.66,WAV
/Users/jackbowers/Archived - Box Sync/Language_Data/Mixtepec_Mixtec/media/speech-mix/with-txtgrd/NUM_one_02_spkrJS.wav,1,96000,0.58,WAV
/Users/jackbowers/Archived - Box Sync/Language_Data/Mixtepec_Mixtec/media/speech-mix/with-txtgrd/NUM_one_05_spkrJS.wav,1,96000,0.51,WAV
/Users/jackbowers/Archived - Box Sync/Language_Data/Mixtepec_Mixtec/media/speech-mix/with-txtgrd/NUM_one_06_spkrJS.wav,1,96000,0.51,WAV
/Users/jackbowers/Archived - Box Sync/Language_Data/Mixtepec_Mixtec/media/speech-mix/with-txtgrd/NUM_three_01_spkrTS.wav,1,32000,0.71,WAV
/Users/jackbowers/Archived - Box Sync/Language_Data/Mixtepec_Mixtec/media/speech-mix/with-txtgrd/NUM_twenty_twentyone_01_spkrTS.wav,1,96000,1.81,WAV
/Users/jackbowers/Archived - Box Sync/Language_Data/Mixtepec_Mixtec/media/speech-mix/with-txtgrd/NUM_two_01_spkrTS.wav,1,32000,0.67,WAV
/Users/jackbowers/Archived - Box Sync/Language_Data/Mixtepec_Mixtec/media/speech-mix/with-txtgrd/NUM_two_02_spkrJS.wav,1,96000,0.77,WAV
/Users/jackbowers/Archived - Box Sync/Language_Data/Mixtepec_Mixtec/media/speech-mix/with-txtgrd/NUM_two_03_spkrJS.wav,1,96000,0.72,WAV
/Users/jackbowers/Archived - Box Sync/Language_Data/Mixtepec_Mixtec/media/speech-mix/with-txtgrd/NUM_two_04_spkrJS.wav,1,96000,0.87,WAV
/Users/jackbowers/Archived - Box Sync/Language_Data/Mixtepec_Mixtec/media/speech-mix/with-txtgrd/N_ADJ_green_fish_01_02_03_JS.wav,1,44100,4.57,WAV
/Users/jackbowers/Archived - Box Sync/Language_Data/Mixtepec_Mixtec/media/speech-mix/with-txtgrd/N_ADJ_red_flower_01_02_03_JS.wav,1,44100,4.86,WAV
/Users/jackbowers/Archived - Box Sync/Language_Data/Mixtepec_Mixtec/media/speech-mix/with-txtgrd/N_LANG_ESP_fancy-language_01_02_03_TS.wav,1,96000,4.68,WAV
/Users/jackbowers/Archived - Box Sync/Language_Data/Mixtepec_Mixtec/media/speech-mix/with-txtgrd/N_LANG_MIX_poor-language_01_02_03_TS.wav,1,96000,4.72,WAV
/Users/jackbowers/Archived - Box Sync/Language_Data/Mixtepec_Mixtec/media/speech-mix/with-txtgrd/N_LOC_Mixtepec_01_spkrJS.wav,1,96000,1.08,WAV
/Users/jackbowers/Archived - Box Sync/Language_Data/Mixtepec_Mixtec/media/speech-mix/with-txtgrd/N_LOC_Mixtepec_02_spkrJS.wav,1,96000,1.08,WAV
/Users/jackbowers/Archived - Box Sync/Language_Data/Mixtepec_Mixtec/media/speech-mix/with-txtgrd/N_animal_01_02_JS.wav,1,96000,1.96,WAV
/Users/jackbowers/Archived - Box Sync/Language_Data/Mixtepec_Mixtec/media/speech-mix/with-txtgrd/N_animal_horse_01_spkrJS.wav,1,96000,0.57,WAV
/Users/jackbowers/Archived - Box Sync/Language_Data/Mixtepec_Mixtec/media/speech-mix/with-txtgrd/N_animal_horse_02_spkrJS.wav,1,96000,0.57,WAV
/Users/jackbowers/Archived - Box Sync/Language_Data/Mixtepec_Mixtec/media/speech-mix/with-txtgrd/N_animal_horse_1st_pl_01_spkrJS.wav,1,96000,1.14,WAV
/Users/jackbowers/Archived - Box Sync/Language_Data/Mixtepec_Mixtec/media/speech-mix/with-txtgrd/N_animal_horse_1st_sg_02_spkrJS.wav,1,96000,0.85,WAV
/Users/jackbowers/Archived - Box Sync/Language_Data/Mixtepec_Mixtec/media/speech-mix/with-txtgrd/N_animal_horse_POSS_1st_sg_02_spkrJS.wav,1,96000,0.79,WAV
/Users/jackbowers/Archived - Box Sync/Language_Data/Mixtepec_Mixtec/media/speech-mix/with-txtgrd/N_bird_01_spkrTS.wav,1,96000,0.6,WAV
/Users/jackbowers/Archived - Box Sync/Language_Data/Mixtepec_Mixtec/media/speech-mix/with-txtgrd/N_bird_02_spkrTS.wav,1,96000,0.57,WAV
/Users/jackbowers/Archived - Box Sync/Language_Data/Mixtepec_Mixtec/media/speech-mix/with-txtgrd/N_black_bird_01_TS.wav,1,96000,1.15,WAV
/Users/jackbowers/Archived - Box Sync/Language_Data/Mixtepec_Mixtec/media/speech-mix/with-txtgrd/N_blood_01_spkrJS.wav,1,96000,0.93,WAV
/Users/jackbowers/Archived - Box Sync/Language_Data/Mixtepec_Mixtec/media/speech-mix/with-txtgrd/N_blood_02_spkrJS.wav,1,96000,0.84,WAV
/Users/jackbowers/Archived - Box Sync/Language_Data/Mixtepec_Mixtec/media/speech-mix/with-txtgrd/N_booger_03_spkrJS.wav,1,96000,0.78,WAV
/Users/jackbowers/Archived - Box Sync/Language_Data/Mixtepec_Mixtec/media/speech-mix/with-txtgrd/N_booger_04_spkrJS.wav,1,96000,0.77,WAV
/Users/jackbowers/Archived - Box Sync/Language_Data/Mixtepec_Mixtec/media/speech-mix/with-txtgrd/N_bull_01_02_JS.wav,1,96000,2.1,WAV
/Users/jackbowers/Archived - Box Sync/Language_Data/Mixtepec_Mixtec/media/speech-mix/with-txtgrd/N_cactus-javi_01_02_03_JS.wav,1,96000,2.4,WAV
/Users/jackbowers/Archived - Box Sync/Language_Data/Mixtepec_Mixtec/media/speech-mix/with-txtgrd/N_cat_04_JS.wav,1,96000,0.77,WAV
/Users/jackbowers/Archived - Box Sync/Language_Data/Mixtepec_Mixtec/media/speech-mix/with-txtgrd/N_chicken_01_02_spkrTS.wav,1,96000,1.36,WAV
/Users/jackbowers/Archived - Box Sync/Language_Data/Mixtepec_Mixtec/media/speech-mix/with-txtgrd/N_chicken_01_TS.wav,1,96000,0.59,WAV
/Users/jackbowers/Archived - Box Sync/Language_Data/Mixtepec_Mixtec/media/speech-mix/with-txtgrd/N_chicken_1st_pl_02_spkrJS.wav,1,96000,1.0,WAV
/Users/jackbowers/Archived - Box Sync/Language_Data/Mixtepec_Mixtec/media/speech-mix/with-txtgrd/N_child_01_02_03_JS.wav,1,96000,2.48,WAV
/Users/jackbowers/Archived - Box Sync/Language_Data/Mixtepec_Mixtec/media/speech-mix/with-txtgrd/N_child_baby_01_spkrTS.wav,1,96000,0.81,WAV
/Users/jackbowers/Archived - Box Sync/Language_Data/Mixtepec_Mixtec/media/speech-mix/with-txtgrd/N_child_baby_02_spkrTS.wav,1,96000,0.8,WAV
/Users/jackbowers/Archived - Box Sync/Language_Data/Mixtepec_Mixtec/media/speech-mix/with-txtgrd/N_cloud_01_spkrJS.wav,1,96000,0.92,WAV
/Users/jackbowers/Archived - Box Sync/Language_Data/Mixtepec_Mixtec/media/speech-mix/with-txtgrd/N_cloud_02_spkrJS.wav,1,96000,0.73,WAV
/Users/jackbowers/Archived - Box Sync/Language_Data/Mixtepec_Mixtec/media/speech-mix/with-txtgrd/N_coffee_01_02_TS.wav,1,96000,1.51,WAV
/Users/jackbowers/Archived - Box Sync/Language_Data/Mixtepec_Mixtec/media/speech-mix/with-txtgrd/N_corn_uncooked_01_spkrJS.wav,1,96000,0.73,WAV
/Users/jackbowers/Archived - Box Sync/Language_Data/Mixtepec_Mixtec/media/speech-mix/with-txtgrd/N_corn_uncooked_02_spkrJS.wav,1,96000,0.77,WAV
/Users/jackbowers/Archived - Box Sync/Language_Data/Mixtepec_Mixtec/media/speech-mix/with-txtgrd/N_crow_01_TS.wav,1,96000,0.85,WAV
/Users/jackbowers/Archived - Box Sync/Language_Data/Mixtepec_Mixtec/media/speech-mix/with-txtgrd/N_day_01_02_spkrJS.wav,1,96000,2.27,WAV
/Users/jackbowers/Archived - Box Sync/Language_Data/Mixtepec_Mixtec/media/speech-mix/with-txtgrd/N_day_01_spkrTS.wav,1,96000,0.63,WAV
/Users/jackbowers/Archived - Box Sync/Language_Data/Mixtepec_Mixtec/media/speech-mix/with-txtgrd/N_day_02_spkrTS.wav,1,96000,0.69,WAV
/Users/jackbowers/Archived - Box Sync/Language_Data/Mixtepec_Mixtec/media/speech-mix/with-txtgrd/N_door_01_02_03_spkrTS.wav,1,96000,2.73,WAV
/Users/jackbowers/Archived - Box Sync/Language_Data/Mixtepec_Mixtec/media/speech-mix/with-txtgrd/N_dust_dirt_01_02_03_spkrTS.wav,1,96000,2.87,WAV
/Users/jackbowers/Archived - Box Sync/Language_Data/Mixtepec_Mixtec/media/speech-mix/with-txtgrd/N_fire_01_spkrJS.wav,1,96000,1.17,WAV
/Users/jackbowers/Archived - Box Sync/Language_Data/Mixtepec_Mixtec/media/speech-mix/with-txtgrd/N_fruit_01_spkrJS.wav,1,96000,0.54,WAV
/Users/jackbowers/Archived - Box Sync/Language_Data/Mixtepec_Mixtec/media/speech-mix/with-txtgrd/N_fruit_1pl_01_JS.wav,1,96000,1.02,WAV
/Users/jackbowers/Archived - Box Sync/Language_Data/Mixtepec_Mixtec/media/speech-mix/with-txtgrd/N_fruit_1st_sg_01_spkrJS.wav,1,96000,0.68,WAV
/Users/jackbowers/Archived - Box Sync/Language_Data/Mixtepec_Mixtec/media/speech-mix/with-txtgrd/N_fruit_1st_sg_02_spkrJS.wav,1,96000,0.68,WAV
/Users/jackbowers/Archived - Box Sync/Language_Data/Mixtepec_Mixtec/media/speech-mix/with-txtgrd/N_hail_01_spkrJS.wav,1,96000,0.48,WAV
/Users/jackbowers/Archived - Box Sync/Language_Data/Mixtepec_Mixtec/media/speech-mix/with-txtgrd/N_hawk_01_TS.wav,1,96000,0.83,WAV
/Users/jackbowers/Archived - Box Sync/Language_Data/Mixtepec_Mixtec/media/speech-mix/with-txtgrd/N_heart_01_spkrTS.wav,1,32000,0.61,WAV
/Users/jackbowers/Archived - Box Sync/Language_Data/Mixtepec_Mixtec/media/speech-mix/with-txtgrd/N_heart_02_spkrTS.wav,1,32000,0.6,WAV
/Users/jackbowers/Archived - Box Sync/Language_Data/Mixtepec_Mixtec/media/speech-mix/with-txtgrd/N_holy_water_01_spkrTS.wav,1,32000,1.45,WAV
/Users/jackbowers/Archived - Box Sync/Language_Data/Mixtepec_Mixtec/media/speech-mix/with-txtgrd/N_holy_water_02_spkrTS.wav,1,32000,1.42,WAV
/Users/jackbowers/Archived - Box Sync/Language_Data/Mixtepec_Mixtec/media/speech-mix/with-txtgrd/N_honey_01_02_03_TS.wav,1,96000,2.69,WAV
/Users/jackbowers/Archived - Box Sync/Language_Data/Mixtepec_Mixtec/media/speech-mix/with-txtgrd/N_husband_02_spkrJS.wav,1,96000,0.64,WAV
/Users/jackbowers/Archived - Box Sync/Language_Data/Mixtepec_Mixtec/media/speech-mix/with-txtgrd/N_husband_03_spkrJS.wav,1,96000,0.59,WAV
/Users/jackbowers/Archived - Box Sync/Language_Data/Mixtepec_Mixtec/media/speech-mix/with-txtgrd/N_husband_05_spkrJS.wav,1,96000,0.56,WAV
/Users/jackbowers/Archived - Box Sync/Language_Data/Mixtepec_Mixtec/media/speech-mix/with-txtgrd/N_husband_06_spkrJS.wav,1,96000,0.51,WAV
/Users/jackbowers/Archived - Box Sync/Language_Data/Mixtepec_Mixtec/media/speech-mix/with-txtgrd/N_husband_pl_01_spkrJS.wav,1,96000,1.08,WAV
/Users/jackbowers/Archived - Box Sync/Language_Data/Mixtepec_Mixtec/media/speech-mix/with-txtgrd/N_mint-herb_01_02_03_TS.wav,1,96000,4.9,WAV
/Users/jackbowers/Archived - Box Sync/Language_Data/Mixtepec_Mixtec/media/speech-mix/with-txtgrd/N_mixtec_people_01_02_03_TS.wav,1,96000,3.82,WAV
/Users/jackbowers/Archived - Box Sync/Language_Data/Mixtepec_Mixtec/media/speech-mix/with-txtgrd/N_mother_01_spkrJS.wav,1,96000,0.82,WAV
/Users/jackbowers/Archived - Box Sync/Language_Data/Mixtepec_Mixtec/media/speech-mix/with-txtgrd/N_mother_02_spkrTS.wav,1,96000,0.5,WAV
/Users/jackbowers/Archived - Box Sync/Language_Data/Mixtepec_Mixtec/media/speech-mix/with-txtgrd/N_mother_03_spkrTS.wav,1,96000,0.5,WAV
/Users/jackbowers/Archived - Box Sync/Language_Data/Mixtepec_Mixtec/media/speech-mix/with-txtgrd/N_mother_1st_sg_01_spkrTS.wav,1,96000,0.54,WAV
/Users/jackbowers/Archived - Box Sync/Language_Data/Mixtepec_Mixtec/media/speech-mix/with-txtgrd/N_mother_1st_sg_02_spkrTS.wav,1,96000,0.55,WAV
/Users/jackbowers/Archived - Box Sync/Language_Data/Mixtepec_Mixtec/media/speech-mix/with-txtgrd/N_mother_POSS_2nd_sg_form_01_02.wav,1,96000,2.39,WAV
/Users/jackbowers/Archived - Box Sync/Language_Data/Mixtepec_Mixtec/media/speech-mix/with-txtgrd/N_mother_POSS_2nd_sg_inf_01_02.wav,1,96000,2.47,WAV
/Users/jackbowers/Archived - Box Sync/Language_Data/Mixtepec_Mixtec/media/speech-mix/with-txtgrd/N_mourning_dove_01_TS.wav,1,96000,0.91,WAV
/Users/jackbowers/Archived - Box Sync/Language_Data/Mixtepec_Mixtec/media/speech-mix/with-txtgrd/N_mud_01_02_03_spkrTS.wav,1,96000,2.87,WAV
/Users/jackbowers/Archived - Box Sync/Language_Data/Mixtepec_Mixtec/media/speech-mix/with-txtgrd/N_nothing_01_spkrTS.wav,1,32000,0.65,WAV
/Users/jackbowers/Archived - Box Sync/Language_Data/Mixtepec_Mixtec/media/speech-mix/with-txtgrd/N_owl_01_TS.wav,1,96000,0.75,WAV
/Users/jackbowers/Archived - Box Sync/Language_Data/Mixtepec_Mixtec/media/speech-mix/with-txtgrd/N_parrot_01_02_TS.wav,1,96000,2.55,WAV
/Users/jackbowers/Archived - Box Sync/Language_Data/Mixtepec_Mixtec/media/speech-mix/with-txtgrd/N_peach_02_spkrJS.wav,1,96000,0.43,WAV
/Users/jackbowers/Archived - Box Sync/Language_Data/Mixtepec_Mixtec/media/speech-mix/with-txtgrd/N_people_children_offspring_01_02_TS.wav,1,96000,1.77,WAV
/Users/jackbowers/Archived - Box Sync/Language_Data/Mixtepec_Mixtec/media/speech-mix/with-txtgrd/N_rabbit_1pl_01_JS.wav,1,96000,1.36,WAV
/Users/jackbowers/Archived - Box Sync/Language_Data/Mixtepec_Mixtec/media/speech-mix/with-txtgrd/N_rooster_01_TS.wav,1,96000,0.64,WAV
/Users/jackbowers/Archived - Box Sync/Language_Data/Mixtepec_Mixtec/media/speech-mix/with-txtgrd/N_saa_savi_01_spkrFS.wav,1,44100,0.82,WAV
/Users/jackbowers/Archived - Box Sync/Language_Data/Mixtepec_Mixtec/media/speech-mix/with-txtgrd/N_salt_01_02_03_05_06_JS.wav,1,96000,3.65,WAV
/Users/jackbowers/Archived - Box Sync/Language_Data/Mixtepec_Mixtec/media/speech-mix/with-txtgrd/N_scrub_jay_01_TS.wav,1,96000,0.69,WAV
/Users/jackbowers/Archived - Box Sync/Language_Data/Mixtepec_Mixtec/media/speech-mix/with-txtgrd/N_sister_01_02_JS.wav,1,96000,1.42,WAV
/Users/jackbowers/Archived - Box Sync/Language_Data/Mixtepec_Mixtec/media/speech-mix/with-txtgrd/N_skin_05_JS.wav,1,96000,0.54,WAV
/Users/jackbowers/Archived - Box Sync/Language_Data/Mixtepec_Mixtec/media/speech-mix/with-txtgrd/N_star_01_02_TS.wav,1,96000,1.3,WAV
/Users/jackbowers/Archived - Box Sync/Language_Data/Mixtepec_Mixtec/media/speech-mix/with-txtgrd/N_sun_02_JS.wav,1,96000,1.08,WAV
/Users/jackbowers/Archived - Box Sync/Language_Data/Mixtepec_Mixtec/media/speech-mix/with-txtgrd/N_sun_02_spkrJS.wav,1,96000,1.08,WAV
/Users/jackbowers/Archived - Box Sync/Language_Data/Mixtepec_Mixtec/media/speech-mix/with-txtgrd/N_swallow_01_TS.wav,1,96000,0.86,WAV
/Users/jackbowers/Archived - Box Sync/Language_Data/Mixtepec_Mixtec/media/speech-mix/with-txtgrd/N_tail_feather_01_02_spkrJS.wav,1,44100,3.78,WAV
/Users/jackbowers/Archived - Box Sync/Language_Data/Mixtepec_Mixtec/media/speech-mix/with-txtgrd/N_tongue_01_spkrJS.wav,1,96000,0.89,WAV
/Users/jackbowers/Archived - Box Sync/Language_Data/Mixtepec_Mixtec/media/speech-mix/with-txtgrd/N_tongue_02_spkrJS.wav,1,96000,0.64,WAV
/Users/jackbowers/Archived - Box Sync/Language_Data/Mixtepec_Mixtec/media/speech-mix/with-txtgrd/N_turkey_f_01_TS.wav,1,96000,0.85,WAV
/Users/jackbowers/Archived - Box Sync/Language_Data/Mixtepec_Mixtec/media/speech-mix/with-txtgrd/N_turkey_m_01_TS.wav,1,96000,0.81,WAV
/Users/jackbowers/Archived - Box Sync/Language_Data/Mixtepec_Mixtec/media/speech-mix/with-txtgrd/N_vulcher_01_TS.wav,1,96000,0.91,WAV
/Users/jackbowers/Archived - Box Sync/Language_Data/Mixtepec_Mixtec/media/speech-mix/with-txtgrd/N_woodpecker_01_TS.wav,1,96000,0.83,WAV
/Users/jackbowers/Archived - Box Sync/Language_Data/Mixtepec_Mixtec/media/speech-mix/with-txtgrd/PRON_1pl_excl_01_02_JS.wav,1,96000,3.32,WAV
/Users/jackbowers/Archived - Box Sync/Language_Data/Mixtepec_Mixtec/media/speech-mix/with-txtgrd/PRON_1pl_incl_JS.wav,1,96000,1.24,WAV
/Users/jackbowers/Archived - Box Sync/Language_Data/Mixtepec_Mixtec/media/speech-mix/with-txtgrd/PRON_1s_01_JS.wav,1,96000,0.56,WAV
/Users/jackbowers/Archived - Box Sync/Language_Data/Mixtepec_Mixtec/media/speech-mix/with-txtgrd/PRON_2pl_all_01_02_JS.wav,1,96000,3.51,WAV
/Users/jackbowers/Archived - Box Sync/Language_Data/Mixtepec_Mixtec/media/speech-mix/with-txtgrd/PRON_2s_form_01_JS.wav,1,22050,0.31,WAV
/Users/jackbowers/Archived - Box Sync/Language_Data/Mixtepec_Mixtec/media/speech-mix/with-txtgrd/PRON_2s_inf_02_JS.wav,1,96000,0.68,WAV
/Users/jackbowers/Archived - Box Sync/Language_Data/Mixtepec_Mixtec/media/speech-mix/with-txtgrd/PRON_3pl_form_01_02_JS.wav,1,96000,2.52,WAV
/Users/jackbowers/Archived - Box Sync/Language_Data/Mixtepec_Mixtec/media/speech-mix/with-txtgrd/PRON_3s_f_inf_01_02_JS.wav,1,96000,3.31,WAV
/Users/jackbowers/Archived - Box Sync/Language_Data/Mixtepec_Mixtec/media/speech-mix/with-txtgrd/PRON_3s_m_inf_01_02_JS.wav,1,96000,2.86,WAV
/Users/jackbowers/Archived - Box Sync/Language_Data/Mixtepec_Mixtec/media/speech-mix/with-txtgrd/PRP_across_01_spkrJS.wav,1,96000,1.45,WAV
/Users/jackbowers/Archived - Box Sync/Language_Data/Mixtepec_Mixtec/media/speech-mix/with-txtgrd/PRP_across_02_spkrJS.wav,1,96000,1.36,WAV
/Users/jackbowers/Archived - Box Sync/Language_Data/Mixtepec_Mixtec/media/speech-mix/with-txtgrd/PRP_across_03_spkrJS.wav,1,96000,1.35,WAV
/Users/jackbowers/Archived - Box Sync/Language_Data/Mixtepec_Mixtec/media/speech-mix/with-txtgrd/P_five_chicken_eggs_01_spkrJS.wav,1,96000,1.83,WAV
/Users/jackbowers/Archived - Box Sync/Language_Data/Mixtepec_Mixtec/media/speech-mix/with-txtgrd/P_long_path_01_02_JS.wav,1,44100,3.37,WAV
/Users/jackbowers/Archived - Box Sync/Language_Data/Mixtepec_Mixtec/media/speech-mix/with-txtgrd/P_new_heart_01_spkrTS.wav,1,32000,1.08,WAV
/Users/jackbowers/Archived - Box Sync/Language_Data/Mixtepec_Mixtec/media/speech-mix/with-txtgrd/P_nine_husbands_01_spkrJS.wav,1,96000,1.27,WAV
/Users/jackbowers/Archived - Box Sync/Language_Data/Mixtepec_Mixtec/media/speech-mix/with-txtgrd/P_nine_husbands_02_spkrJS.wav,1,96000,1.48,WAV
/Users/jackbowers/Archived - Box Sync/Language_Data/Mixtepec_Mixtec/media/speech-mix/with-txtgrd/P_that_thin_green_fruit_01_spkrJS.wav,1,96000,3.77,WAV
/Users/jackbowers/Archived - Box Sync/Language_Data/Mixtepec_Mixtec/media/speech-mix/with-txtgrd/P_that_thin_green_fruit_02_spkrJS.wav,1,96000,3.02,WAV
/Users/jackbowers/Archived - Box Sync/Language_Data/Mixtepec_Mixtec/media/speech-mix/with-txtgrd/P_thin_green_fruit_1st_sg_01_spkrJS.wav,1,96000,3.7,WAV
/Users/jackbowers/Archived - Box Sync/Language_Data/Mixtepec_Mixtec/media/speech-mix/with-txtgrd/P_thin_green_fruit_1st_sg_02_spkrJS.wav,1,96000,3.59,WAV
/Users/jackbowers/Archived - Box Sync/Language_Data/Mixtepec_Mixtec/media/speech-mix/with-txtgrd/QNTY_all_everything_01_02_03_spkrTS.wav,1,96000,3.54,WAV
/Users/jackbowers/Archived - Box Sync/Language_Data/Mixtepec_Mixtec/media/speech-mix/with-txtgrd/QNTY_everyone_01_02_03_spkrTS.wav,1,96000,3.26,WAV
/Users/jackbowers/Archived - Box Sync/Language_Data/Mixtepec_Mixtec/media/speech-mix/with-txtgrd/QNTY_few_01_02_03_TS.wav,1,96000,2.3,WAV
/Users/jackbowers/Archived - Box Sync/Language_Data/Mixtepec_Mixtec/media/speech-mix/with-txtgrd/QNTY_nobody_01_02_03_spkrTS.wav,1,96000,2.83,WAV
/Users/jackbowers/Archived - Box Sync/Language_Data/Mixtepec_Mixtec/media/speech-mix/with-txtgrd/QNTY_none-nothing_01_02_03_spkrTS.wav,1,96000,2.81,WAV
/Users/jackbowers/Archived - Box Sync/Language_Data/Mixtepec_Mixtec/media/speech-mix/with-txtgrd/Q_do_you_inf_see_me_RESP_yes_I_see_you_inf_01_02_spkrTS.wav,1,96000,3.98,WAV
/Users/jackbowers/Archived - Box Sync/Language_Data/Mixtepec_Mixtec/media/speech-mix/with-txtgrd/SET_days_of_the_week_01_02_TS.wav,1,96000,16.85,WAV
/Users/jackbowers/Archived - Box Sync/Language_Data/Mixtepec_Mixtec/media/speech-mix/with-txtgrd/SOC_good_bye_01_02_03_spkrTS.wav,1,96000,3.94,WAV
/Users/jackbowers/Archived - Box Sync/Language_Data/Mixtepec_Mixtec/media/speech-mix/with-txtgrd/SOC_thank_you_form_01_02_spkrTS.wav,1,96000,2.01,WAV
/Users/jackbowers/Archived - Box Sync/Language_Data/Mixtepec_Mixtec/media/speech-mix/with-txtgrd/SOC_thank_you_inf_01_02_spkrTS.wav,1,96000,2.3,WAV
/Users/jackbowers/Archived - Box Sync/Language_Data/Mixtepec_Mixtec/media/speech-mix/with-txtgrd/S_ARVL-HM_my_brothers_are_coming_home_01_02_03_04_TS.wav,1,96000,5.77,WAV
/Users/jackbowers/Archived - Box Sync/Language_Data/Mixtepec_Mixtec/media/speech-mix/with-txtgrd/S_ARVL_approaching_fast_3s_inf_01_02_03_TS.wav,1,96000,8.27,WAV
/Users/jackbowers/Archived - Box Sync/Language_Data/Mixtepec_Mixtec/media/speech-mix/with-txtgrd/S_ARVL_approaching_very_slowly_01_02_03_TS.wav,1,96000,7.15,WAV
/Users/jackbowers/Archived - Box Sync/Language_Data/Mixtepec_Mixtec/media/speech-mix/with-txtgrd/S_ATRB_be_siblings_Pablo_Maria_1st_sg_02_spkrTS.wav,1,96000,3.53,WAV
/Users/jackbowers/Archived - Box Sync/Language_Data/Mixtepec_Mixtec/media/speech-mix/with-txtgrd/S_ATRB_mother_1st_pl_excl_name_Herminia_01_spkrTS.wav,1,96000,2.57,WAV
/Users/jackbowers/Archived - Box Sync/Language_Data/Mixtepec_Mixtec/media/speech-mix/with-txtgrd/S_ATRB_that_man_be_PRS_bad_01_spkrTS.wav,1,32000,1.24,WAV
/Users/jackbowers/Archived - Box Sync/Language_Data/Mixtepec_Mixtec/media/speech-mix/with-txtgrd/S_ATTRB_1s_teacher_also_01_02_03_TS.wav,1,96000,7.06,WAV
/Users/jackbowers/Archived - Box Sync/Language_Data/Mixtepec_Mixtec/media/speech-mix/with-txtgrd/S_ATTRB_Pablo_and_Maria_are_teachers_01_TS.wav,1,96000,3.7,WAV
/Users/jackbowers/Archived - Box Sync/Language_Data/Mixtepec_Mixtec/media/speech-mix/with-txtgrd/S_ATTRB_grampas_hat_is_nice_01_02_TS.wav,1,96000,5.56,WAV
/Users/jackbowers/Archived - Box Sync/Language_Data/Mixtepec_Mixtec/media/speech-mix/with-txtgrd/S_ATTRB_now_she-grandmother_is_old_01_02_TS.wav,1,96000,2.62,WAV
/Users/jackbowers/Archived - Box Sync/Language_Data/Mixtepec_Mixtec/media/speech-mix/with-txtgrd/S_ATTRB_pants_1s_are_blue_01_02_TS.wav,1,96000,4.83,WAV
/Users/jackbowers/Archived - Box Sync/Language_Data/Mixtepec_Mixtec/media/speech-mix/with-txtgrd/S_ATTRB_shirt_2nd_sg_inf_be_PRS_black_01_spkrTS.wav,1,96000,2.08,WAV
/Users/jackbowers/Archived - Box Sync/Language_Data/Mixtepec_Mixtec/media/speech-mix/with-txtgrd/S_ATTRB_sibling_pl_1st_sg_be_PRS_older_than_1st_sg_02_spkrTS.wav,1,96000,2.75,WAV
/Users/jackbowers/Archived - Box Sync/Language_Data/Mixtepec_Mixtec/media/speech-mix/with-txtgrd/S_ATTRB_siblings_1s_are_teachers_01_02_TS.wav,1,96000,6.6,WAV
/Users/jackbowers/Archived - Box Sync/Language_Data/Mixtepec_Mixtec/media/speech-mix/with-txtgrd/S_ATTRB_siblings_1s_are_teachers_now_01_02_TS.wav,1,96000,6.68,WAV
/Users/jackbowers/Archived - Box Sync/Language_Data/Mixtepec_Mixtec/media/speech-mix/with-txtgrd/S_CLS1_they_got_maried_and_CLS2_have_3rd_pl_kids_01_spkrTS.wav,1,96000,2.54,WAV
/Users/jackbowers/Archived - Box Sync/Language_Data/Mixtepec_Mixtec/media/speech-mix/with-txtgrd/S_CMND_come_home_with_me_01_02_03_spkrTS.wav,1,96000,3.52,WAV
/Users/jackbowers/Archived - Box Sync/Language_Data/Mixtepec_Mixtec/media/speech-mix/with-txtgrd/S_CMND_come_to_work_with_me_01_02_03_spkrTS.wav,1,96000,4.93,WAV
/Users/jackbowers/Archived - Box Sync/Language_Data/Mixtepec_Mixtec/media/speech-mix/with-txtgrd/S_CMND_eat_this_tortilla_then_go_01_02_spkrTS.wav,1,96000,4.61,WAV
/Users/jackbowers/Archived - Box Sync/Language_Data/Mixtepec_Mixtec/media/speech-mix/with-txtgrd/S_CMND_go_home_with_Pedro_01_02_03_spkrTS.wav,1,96000,5.15,WAV
/Users/jackbowers/Archived - Box Sync/Language_Data/Mixtepec_Mixtec/media/speech-mix/with-txtgrd/S_CMND_go_to_work_with_Pedro_01_02_03_spkrTS.wav,1,96000,5.43,WAV
/Users/jackbowers/Archived - Box Sync/Language_Data/Mixtepec_Mixtec/media/speech-mix/with-txtgrd/S_CMND_look_at_Maria_01_02_03_TS.wav,1,96000,8.41,WAV
/Users/jackbowers/Archived - Box Sync/Language_Data/Mixtepec_Mixtec/media/speech-mix/with-txtgrd/S_CMND_look_at_Maria_she_works_very_hard_01_02_03_TS.wav,1,96000,9.73,WAV
/Users/jackbowers/Archived - Box Sync/Language_Data/Mixtepec_Mixtec/media/speech-mix/with-txtgrd/S_CMND_look_at_Marias_face-look_at_Maria_01_02_03_TS.wav,1,96000,5.93,WAV
/Users/jackbowers/Archived - Box Sync/Language_Data/Mixtepec_Mixtec/media/speech-mix/with-txtgrd/S_CMND_look_into_my_eyes_01_02_03_TS.wav,1,96000,7.5,WAV
/Users/jackbowers/Archived - Box Sync/Language_Data/Mixtepec_Mixtec/media/speech-mix/with-txtgrd/S_CMND_take_DET_PROX_moon_01_spkrJS.wav,1,96000,2.23,WAV
/Users/jackbowers/Archived - Box Sync/Language_Data/Mixtepec_Mixtec/media/speech-mix/with-txtgrd/S_CMND_take_the_lamb_from_the_water_because_hes_drowning_01_02_TS.wav,1,96000,6.4,WAV
/Users/jackbowers/Archived - Box Sync/Language_Data/Mixtepec_Mixtec/media/speech-mix/with-txtgrd/S_CMND_walk_backwards_01_02_03_TS.wav,1,96000,3.45,WAV
/Users/jackbowers/Archived - Box Sync/Language_Data/Mixtepec_Mixtec/media/speech-mix/with-txtgrd/S_DEC_rain_COMPL_last_night_03_spkrTS.wav,1,96000,2.34,WAV
/Users/jackbowers/Archived - Box Sync/Language_Data/Mixtepec_Mixtec/media/speech-mix/with-txtgrd/S_DEC_rain_FUT_tomorrow_03_spkrTS.wav,1,96000,2.25,WAV
/Users/jackbowers/Archived - Box Sync/Language_Data/Mixtepec_Mixtec/media/speech-mix/with-txtgrd/S_DEC_speak_1s_saa_savi_01_02_TS.wav,1,96000,3.29,WAV
/Users/jackbowers/Archived - Box Sync/Language_Data/Mixtepec_Mixtec/media/speech-mix/with-txtgrd/S_EQTV_be_teachers_1st_pl_incl_sister_1st_sg_brother_1st_sg_1st_01_sg_spkrTS.wav,1,96000,5.18,WAV
/Users/jackbowers/Archived - Box Sync/Language_Data/Mixtepec_Mixtec/media/speech-mix/with-txtgrd/S_I_am_happy_01_02_TS.wav,1,96000,3.2,WAV
/Users/jackbowers/Archived - Box Sync/Language_Data/Mixtepec_Mixtec/media/speech-mix/with-txtgrd/S_I_am_not_eating_breakfast_right_now_Im_reading_a_book_01_spkrTS.wav,1,96000,3.58,WAV
/Users/jackbowers/Archived - Box Sync/Language_Data/Mixtepec_Mixtec/media/speech-mix/with-txtgrd/S_I_ate_bread_and_cheese_for_breakfast_this_morning_01_spkrTS.wav,1,96000,2.99,WAV
/Users/jackbowers/Archived - Box Sync/Language_Data/Mixtepec_Mixtec/media/speech-mix/with-txtgrd/S_I_eat_food_every_morning_01_02_03_TS.wav,1,96000,5.53,WAV
/Users/jackbowers/Archived - Box Sync/Language_Data/Mixtepec_Mixtec/media/speech-mix/with-txtgrd/S_I_left_before_my_sister-my_sister_left_after_I_left_01_02_TS.wav,1,96000,6.01,WAV
/Users/jackbowers/Archived - Box Sync/Language_Data/Mixtepec_Mixtec/media/speech-mix/with-txtgrd/S_I_stepped_on_a_scorpion_01_02_TS.wav,1,96000,3.67,WAV
/Users/jackbowers/Archived - Box Sync/Language_Data/Mixtepec_Mixtec/media/speech-mix/with-txtgrd/S_I_want_to_wear_his_shoes_01_02_TS.wav,1,96000,5.37,WAV
/Users/jackbowers/Archived - Box Sync/Language_Data/Mixtepec_Mixtec/media/speech-mix/with-txtgrd/S_I_was_going_to_school_yesterday_when_I_fell_down_01_spkrTS.wav,1,96000,3.85,WAV
/Users/jackbowers/Archived - Box Sync/Language_Data/Mixtepec_Mixtec/media/speech-mix/with-txtgrd/S_I_will_give_money_01_JS.wav,1,96000,1.44,WAV
/Users/jackbowers/Archived - Box Sync/Language_Data/Mixtepec_Mixtec/media/speech-mix/with-txtgrd/S_I_will_give_money_to_Jack_01_JS.wav,1,96000,2.55,WAV
/Users/jackbowers/Archived - Box Sync/Language_Data/Mixtepec_Mixtec/media/speech-mix/with-txtgrd/S_I_will_not_give_money_02_JS.wav,1,96000,1.05,WAV
/Users/jackbowers/Archived - Box Sync/Language_Data/Mixtepec_Mixtec/media/speech-mix/with-txtgrd/S_I_will_not_give_money_to_Jack_02_JS.wav,1,96000,2.17,WAV
/Users/jackbowers/Archived - Box Sync/Language_Data/Mixtepec_Mixtec/media/speech-mix/with-txtgrd/S_LOC_I_am_in_the_wilderness_01_02_TS.wav,1,96000,3.41,WAV
/Users/jackbowers/Archived - Box Sync/Language_Data/Mixtepec_Mixtec/media/speech-mix/with-txtgrd/S_LOC_friend_1s_inside_01_02_03_TS.wav,1,96000,5.33,WAV
/Users/jackbowers/Archived - Box Sync/Language_Data/Mixtepec_Mixtec/media/speech-mix/with-txtgrd/S_LOC_the_clouds_are_high-up_01_02_03_TS.wav,1,96000,6.92,WAV
/Users/jackbowers/Archived - Box Sync/Language_Data/Mixtepec_Mixtec/media/speech-mix/with-txtgrd/S_MTN-ARVL_2s_inf_is_coming_01_02_03_TS.wav,1,96000,2.35,WAV
/Users/jackbowers/Archived - Box Sync/Language_Data/Mixtepec_Mixtec/media/speech-mix/with-txtgrd/S_MTN-HM_1_pl_exl_are_going_home_01_02_03_TS.wav,1,96000,4.29,WAV
/Users/jackbowers/Archived - Box Sync/Language_Data/Mixtepec_Mixtec/media/speech-mix/with-txtgrd/S_MTN-HM_3sg_inf_arrive_at_home_here_01_02_03_TS.wav,1,96000,5.65,WAV
/Users/jackbowers/Archived - Box Sync/Language_Data/Mixtepec_Mixtec/media/speech-mix/with-txtgrd/S_MTN_3rd_sg_inf_is_going_to_work_01_02_TS.wav,1,96000,3.05,WAV
/Users/jackbowers/Archived - Box Sync/Language_Data/Mixtepec_Mixtec/media/speech-mix/with-txtgrd/S_MTN_3s_inf_was_in_Yucanani_then_went_to_Mixtepec_01_02_03_TS.wav,1,96000,10.99,WAV
/Users/jackbowers/Archived - Box Sync/Language_Data/Mixtepec_Mixtec/media/speech-mix/with-txtgrd/S_MTN_I_am_walking_through_the_forest_01_02_03_TS.wav,1,96000,5.58,WAV
/Users/jackbowers/Archived - Box Sync/Language_Data/Mixtepec_Mixtec/media/speech-mix/with-txtgrd/S_MTN_I_passed_over_the_bridge_01_02_03_TS.wav,1,96000,6.8,WAV
/Users/jackbowers/Archived - Box Sync/Language_Data/Mixtepec_Mixtec/media/speech-mix/with-txtgrd/S_MTN_dog_walk_towards_children_01_02_TS.wav,1,96000,5.78,WAV
/Users/jackbowers/Archived - Box Sync/Language_Data/Mixtepec_Mixtec/media/speech-mix/with-txtgrd/S_MTN_dogs_walk_PROG_away-from_eachother_01_02_03_TS.wav,1,96000,5.74,WAV
/Users/jackbowers/Archived - Box Sync/Language_Data/Mixtepec_Mixtec/media/speech-mix/with-txtgrd/S_MTN_the_elders_are_coming_01_02_03_TS.wav,1,96000,5.09,WAV
/Users/jackbowers/Archived - Box Sync/Language_Data/Mixtepec_Mixtec/media/speech-mix/with-txtgrd/S_MTN_the_elders_are_returning_01_02_03_TS.wav,1,96000,5.44,WAV
/Users/jackbowers/Archived - Box Sync/Language_Data/Mixtepec_Mixtec/media/speech-mix/with-txtgrd/S_MTN_the_elders_come_here_03_04_TS.wav,1,96000,4.63,WAV
/Users/jackbowers/Archived - Box Sync/Language_Data/Mixtepec_Mixtec/media/speech-mix/with-txtgrd/S_MTN_the_goat_jumped_over_the_armadillo_01_02_03_TS.wav,1,96000,9.46,WAV
/Users/jackbowers/Archived - Box Sync/Language_Data/Mixtepec_Mixtec/media/speech-mix/with-txtgrd/S_MTN_walk_then_go_left_then_go_right_01_02_03_TS.wav,1,96000,13.25,WAV
/Users/jackbowers/Archived - Box Sync/Language_Data/Mixtepec_Mixtec/media/speech-mix/with-txtgrd/S_QNTY_few_people_ate_01_02_03_TS.wav,1,96000,4.61,WAV
/Users/jackbowers/Archived - Box Sync/Language_Data/Mixtepec_Mixtec/media/speech-mix/with-txtgrd/S_QNTY_nobody_went_3rd_sg_form_home_01_spkrTS.wav,1,96000,1.8,WAV
/Users/jackbowers/Archived - Box Sync/Language_Data/Mixtepec_Mixtec/media/speech-mix/with-txtgrd/S_Q_I_heard_your_car_broke_down_ANS_yes_it_did_01_JS.wav,1,22050,1.76,WAV
/Users/jackbowers/Archived - Box Sync/Language_Data/Mixtepec_Mixtec/media/speech-mix/with-txtgrd/S_Q_I_heard_your_car_broke_down_ANS_yes_it_did_02_JS.wav,1,22050,1.64,WAV
/Users/jackbowers/Archived - Box Sync/Language_Data/Mixtepec_Mixtec/media/speech-mix/with-txtgrd/S_Q_WH-what_happened_to_your_car_2s_inf_02_JS.wav,1,22050,2.1,WAV
/Users/jackbowers/Archived - Box Sync/Language_Data/Mixtepec_Mixtec/media/speech-mix/with-txtgrd/S_Q_WH_TEMP_what_time_want_2nd_sg_V_eat_01_02_03_TS.wav,1,96000,6.39,WAV
/Users/jackbowers/Archived - Box Sync/Language_Data/Mixtepec_Mixtec/media/speech-mix/with-txtgrd/S_Q_WH_who_read_a_book_COMPL_01_JS.wav,1,22050,2.16,WAV
/Users/jackbowers/Archived - Box Sync/Language_Data/Mixtepec_Mixtec/media/speech-mix/with-txtgrd/S_Q_Y-N_is_it_raining_01_spkrTS.wav,1,32000,1.09,WAV
/Users/jackbowers/Archived - Box Sync/Language_Data/Mixtepec_Mixtec/media/speech-mix/with-txtgrd/S_Q_Y-N_is_it_raining_02_spkrTS.wav,1,32000,1.21,WAV
/Users/jackbowers/Archived - Box Sync/Language_Data/Mixtepec_Mixtec/media/speech-mix/with-txtgrd/S_Q_Y-N_speak_2nd_sg_inf2_saa_savi_ANS_AFRM_speak_1st_sg_saa_savi_01_spkrTS.wav,1,96000,1.6,WAV
/Users/jackbowers/Archived - Box Sync/Language_Data/Mixtepec_Mixtec/media/speech-mix/with-txtgrd/S_Q_do_you_inf_see_me_01_02_spkrTS.wav,1,96000,2.37,WAV
/Users/jackbowers/Archived - Box Sync/Language_Data/Mixtepec_Mixtec/media/speech-mix/with-txtgrd/S_Q_do_you_inf_see_yourself_ANS_NEG_no_I_dont_see_myself_01_02_spkrTS.wav,1,96000,4.4,WAV
/Users/jackbowers/Archived - Box Sync/Language_Data/Mixtepec_Mixtec/media/speech-mix/with-txtgrd/S_Q_do_you_inf_see_yourself_ANS_yes_I_see_myself_01_02_spkrTS.wav,1,96000,2.75,WAV
/Users/jackbowers/Archived - Box Sync/Language_Data/Mixtepec_Mixtec/media/speech-mix/with-txtgrd/S_Q_do_you_speak_saa_savi_01_02_spkrTS.wav,1,96000,3.3,WAV
/Users/jackbowers/Archived - Box Sync/Language_Data/Mixtepec_Mixtec/media/speech-mix/with-txtgrd/S_Q_do_you_speak_saa_savi_ANS_NEG2_I_dont_speak_saa_savi_01_02_spkrTS.wav,1,96000,3.76,WAV
/Users/jackbowers/Archived - Box Sync/Language_Data/Mixtepec_Mixtec/media/speech-mix/with-txtgrd/S_Q_do_you_speak_saa_savi_ANS_NEG_I_dont_speak_saa_savi_01_02_spkrTS.wav,1,96000,4.55,WAV
/Users/jackbowers/Archived - Box Sync/Language_Data/Mixtepec_Mixtec/media/speech-mix/with-txtgrd/S_Q_do_you_speak_saa_savi_ANS_yes_I_speak_saa_savi_01_02_spkrTS.wav,1,96000,4.0,WAV
/Users/jackbowers/Archived - Box Sync/Language_Data/Mixtepec_Mixtec/media/speech-mix/with-txtgrd/S_Q_is_it_sunny_today_02_TS.wav,1,32000,1.67,WAV
/Users/jackbowers/Archived - Box Sync/Language_Data/Mixtepec_Mixtec/media/speech-mix/with-txtgrd/S_Q_what_did_the_boys_eat_01_spkrTS.wav,1,96000,1.98,WAV
/Users/jackbowers/Archived - Box Sync/Language_Data/Mixtepec_Mixtec/media/speech-mix/with-txtgrd/S_Q_what_happened_02_spkrTS.wav,1,32000,0.91,WAV
/Users/jackbowers/Archived - Box Sync/Language_Data/Mixtepec_Mixtec/media/speech-mix/with-txtgrd/S_Q_where_did_Claudia_eat_02_spkrTS.wav,1,96000,2.32,WAV
/Users/jackbowers/Archived - Box Sync/Language_Data/Mixtepec_Mixtec/media/speech-mix/with-txtgrd/S_Q_who_killed_who_01_spkrTS.wav,1,32000,1.65,WAV
/Users/jackbowers/Archived - Box Sync/Language_Data/Mixtepec_Mixtec/media/speech-mix/with-txtgrd/S_Q_who_killed_who_02_spkrTS.wav,1,32000,1.93,WAV
/Users/jackbowers/Archived - Box Sync/Language_Data/Mixtepec_Mixtec/media/speech-mix/with-txtgrd/S_Q_who_read_a_book_02_spkrJS.wav,1,22050,2.29,WAV
/Users/jackbowers/Archived - Box Sync/Language_Data/Mixtepec_Mixtec/media/speech-mix/with-txtgrd/S_STV_there_is_nothing_01_02_03_TS.wav,1,96000,4.25,WAV
/Users/jackbowers/Archived - Box Sync/Language_Data/Mixtepec_Mixtec/media/speech-mix/with-txtgrd/S_TEMP_2nd_sg_inf_arrive_early_01_02_03_spkrTS.wav,1,96000,4.12,WAV
/Users/jackbowers/Archived - Box Sync/Language_Data/Mixtepec_Mixtec/media/speech-mix/with-txtgrd/S_TEMP_SML_arrive_1st_pl_01_02_03_spkrTS.wav,1,96000,4.21,WAV
/Users/jackbowers/Archived - Box Sync/Language_Data/Mixtepec_Mixtec/media/speech-mix/with-txtgrd/S_TEMP_leave_1st_sg_now_01_02_spkrTS.wav,1,96000,5.48,WAV
/Users/jackbowers/Archived - Box Sync/Language_Data/Mixtepec_Mixtec/media/speech-mix/with-txtgrd/S_be-married_1s_NEG_01_02_TS.wav,1,96000,3.05,WAV
/Users/jackbowers/Archived - Box Sync/Language_Data/Mixtepec_Mixtec/media/speech-mix/with-txtgrd/S_be-unhappy_worried_1s_01_02_TS.wav,1,96000,4.13,WAV
/Users/jackbowers/Archived - Box Sync/Language_Data/Mixtepec_Mixtec/media/speech-mix/with-txtgrd/S_boil_3pl_form_f_the_meat_01_02_TS.wav,1,96000,3.01,WAV
/Users/jackbowers/Archived - Box Sync/Language_Data/Mixtepec_Mixtec/media/speech-mix/with-txtgrd/S_chop_1s_yams_today_01_02_JS.wav,1,96000,3.95,WAV
/Users/jackbowers/Archived - Box Sync/Language_Data/Mixtepec_Mixtec/media/speech-mix/with-txtgrd/S_chop_1st_sg_Fut_yams_01_spkrJS.wav,1,96000,1.29,WAV
/Users/jackbowers/Archived - Box Sync/Language_Data/Mixtepec_Mixtec/media/speech-mix/with-txtgrd/S_climb_CMPL_the_little_kid_LOC_on_the_rock_01_02_03_TS.wav,1,96000,8.03,WAV
/Users/jackbowers/Archived - Box Sync/Language_Data/Mixtepec_Mixtec/media/speech-mix/with-txtgrd/S_cockroach_beLOC_under_the_table_01_02_03_TS.wav,1,96000,11.01,WAV
/Users/jackbowers/Archived - Box Sync/Language_Data/Mixtepec_Mixtec/media/speech-mix/with-txtgrd/S_cross-3sinf_the_river_tomorrow_01_02_03_TS.wav,1,96000,8.47,WAV
/Users/jackbowers/Archived - Box Sync/Language_Data/Mixtepec_Mixtec/media/speech-mix/with-txtgrd/S_cross-3sinf_the_river_yesterday_01_02_03_TS.wav,1,96000,8.75,WAV
/Users/jackbowers/Archived - Box Sync/Language_Data/Mixtepec_Mixtec/media/speech-mix/with-txtgrd/S_cross_3s_inf_the_river_everyday_01_02_TS.wav,1,96000,5.15,WAV
/Users/jackbowers/Archived - Box Sync/Language_Data/Mixtepec_Mixtec/media/speech-mix/with-txtgrd/S_eat_1s_FUT_beans_tomorrow_01_02_03_TS.wav,1,96000,6.05,WAV
/Users/jackbowers/Archived - Box Sync/Language_Data/Mixtepec_Mixtec/media/speech-mix/with-txtgrd/S_eat_1s_tortillas_COMPL_01_JS.wav,1,96000,1.63,WAV
/Users/jackbowers/Archived - Box Sync/Language_Data/Mixtepec_Mixtec/media/speech-mix/with-txtgrd/S_eat_1s_tortillas_IMP_01_02_JS.wav,1,96000,3.67,WAV
/Users/jackbowers/Archived - Box Sync/Language_Data/Mixtepec_Mixtec/media/speech-mix/with-txtgrd/S_eat_1st_sg_FUT_NEG_breakfast_ADV_sunday_02_spkrTS.wav,1,96000,1.6,WAV
/Users/jackbowers/Archived - Box Sync/Language_Data/Mixtepec_Mixtec/media/speech-mix/with-txtgrd/S_eat_3s_inf_IMP_when_the_phone_rang_01_TS.wav,1,96000,2.29,WAV
/Users/jackbowers/Archived - Box Sync/Language_Data/Mixtepec_Mixtec/media/speech-mix/with-txtgrd/S_eat_3s_inf_salt_02_JS.wav,1,96000,1.13,WAV
/Users/jackbowers/Archived - Box Sync/Language_Data/Mixtepec_Mixtec/media/speech-mix/with-txtgrd/S_eat_CMPL_1s_this_tortilla_not_that_one_01_02_03_TS.wav,1,96000,8.32,WAV
/Users/jackbowers/Archived - Box Sync/Language_Data/Mixtepec_Mixtec/media/speech-mix/with-txtgrd/S_eat_breakfast_1pl_excl_everyday_01_02_03_TS.wav,1,96000,5.88,WAV
/Users/jackbowers/Archived - Box Sync/Language_Data/Mixtepec_Mixtec/media/speech-mix/with-txtgrd/S_eat_breakfast_1pl_incl_everyday_01_02_TS.wav,1,96000,4.17,WAV
/Users/jackbowers/Archived - Box Sync/Language_Data/Mixtepec_Mixtec/media/speech-mix/with-txtgrd/S_eat_breakfast_1s_everyday_01_02_TS.wav,1,96000,3.3,WAV
/Users/jackbowers/Archived - Box Sync/Language_Data/Mixtepec_Mixtec/media/speech-mix/with-txtgrd/S_eat_breakfast_2s_form_everyday_TS_01_02.wav,1,96000,4.45,WAV
/Users/jackbowers/Archived - Box Sync/Language_Data/Mixtepec_Mixtec/media/speech-mix/with-txtgrd/S_eat_breakfast_2s_inf_everyday_TS_01_02.wav,1,96000,4.22,WAV
/Users/jackbowers/Archived - Box Sync/Language_Data/Mixtepec_Mixtec/media/speech-mix/with-txtgrd/S_eat_breakfast_3pl_f_all_everyday_01_TS.wav,1,96000,1.8,WAV
/Users/jackbowers/Archived - Box Sync/Language_Data/Mixtepec_Mixtec/media/speech-mix/with-txtgrd/S_eat_breakfast_3pl_inf_everyday_01_TS.wav,1,96000,1.96,WAV
/Users/jackbowers/Archived - Box Sync/Language_Data/Mixtepec_Mixtec/media/speech-mix/with-txtgrd/S_eat_breakfast_3s_inf_everyday_TS_01_02.wav,1,96000,2.82,WAV
/Users/jackbowers/Archived - Box Sync/Language_Data/Mixtepec_Mixtec/media/speech-mix/with-txtgrd/S_everyone_went_3rd_pl_form_home_01_02_03_spkrTS.wav,1,96000,5.36,WAV
/Users/jackbowers/Archived - Box Sync/Language_Data/Mixtepec_Mixtec/media/speech-mix/with-txtgrd/S_fish_swim_PRES_in_water_01_02_TS.wav,1,96000,4.45,WAV
/Users/jackbowers/Archived - Box Sync/Language_Data/Mixtepec_Mixtec/media/speech-mix/with-txtgrd/S_fly_beLOC_table_01_02_03_TS.wav,1,96000,12.9,WAV
/Users/jackbowers/Archived - Box Sync/Language_Data/Mixtepec_Mixtec/media/speech-mix/with-txtgrd/S_friend_1st_sg_LOC_outside_01_02_03_spkrTS.wav,1,96000,5.79,WAV
/Users/jackbowers/Archived - Box Sync/Language_Data/Mixtepec_Mixtec/media/speech-mix/with-txtgrd/S_frog_LOC_bottom_of_the_basket_01_02_TS.wav,1,96000,4.87,WAV
/Users/jackbowers/Archived - Box Sync/Language_Data/Mixtepec_Mixtec/media/speech-mix/with-txtgrd/S_frog_LOC_middle_of_the_basket_01_02_TS.wav,1,96000,3.15,WAV
/Users/jackbowers/Archived - Box Sync/Language_Data/Mixtepec_Mixtec/media/speech-mix/with-txtgrd/S_frog_LOC_top_of_the_basket_01_02_TS.wav,1,96000,3.64,WAV
/Users/jackbowers/Archived - Box Sync/Language_Data/Mixtepec_Mixtec/media/speech-mix/with-txtgrd/S_give_2s_inf_FUT_02_JS.wav,1,96000,0.93,WAV
/Users/jackbowers/Archived - Box Sync/Language_Data/Mixtepec_Mixtec/media/speech-mix/with-txtgrd/S_grandmother-1s_loves_grandfather-1s_very_much_01_02_TS.wav,1,96000,6.04,WAV
/Users/jackbowers/Archived - Box Sync/Language_Data/Mixtepec_Mixtec/media/speech-mix/with-txtgrd/S_house_LOC_middle_of_the_hill_01_spkrTS.wav,1,96000,1.91,WAV
/Users/jackbowers/Archived - Box Sync/Language_Data/Mixtepec_Mixtec/media/speech-mix/with-txtgrd/S_house_LOC_top_of_the_hill_01_02_TS.wav,1,96000,4.08,WAV
/Users/jackbowers/Archived - Box Sync/Language_Data/Mixtepec_Mixtec/media/speech-mix/with-txtgrd/S_it_is_hailing_01_02_JS.wav,1,96000,2.25,WAV
/Users/jackbowers/Archived - Box Sync/Language_Data/Mixtepec_Mixtec/media/speech-mix/with-txtgrd/S_it_rained_yesterday_01_spkrTS.wav,1,96000,2.11,WAV
/Users/jackbowers/Archived - Box Sync/Language_Data/Mixtepec_Mixtec/media/speech-mix/with-txtgrd/S_it_rains_everyday_in_november_01_02_03_TS.wav,1,96000,8.33,WAV
/Users/jackbowers/Archived - Box Sync/Language_Data/Mixtepec_Mixtec/media/speech-mix/with-txtgrd/S_jump_1st_sg_COMPL_on_the_bed_01_spkrTS.wav,1,96000,1.27,WAV
/Users/jackbowers/Archived - Box Sync/Language_Data/Mixtepec_Mixtec/media/speech-mix/with-txtgrd/S_jump_1st_sg_FUT_DIR_over_there-CONJ_then_V_pee_1st_sg_FUT_02_spkrJS.wav,1,96000,2.99,WAV
/Users/jackbowers/Archived - Box Sync/Language_Data/Mixtepec_Mixtec/media/speech-mix/with-txtgrd/S_jump_1st_sg_FUT_on_the_bed_02_spkrTS.wav,1,96000,1.29,WAV
/Users/jackbowers/Archived - Box Sync/Language_Data/Mixtepec_Mixtec/media/speech-mix/with-txtgrd/S_jump_1st_sg_on_the_bed_01_spkrTS.wav,1,96000,1.06,WAV
/Users/jackbowers/Archived - Box Sync/Language_Data/Mixtepec_Mixtec/media/speech-mix/with-txtgrd/S_lion_eats_squirrel_01_spkrJS.wav,1,96000,2.71,WAV
/Users/jackbowers/Archived - Box Sync/Language_Data/Mixtepec_Mixtec/media/speech-mix/with-txtgrd/S_live_1s_at_home_still_01_02_TS.wav,1,96000,3.65,WAV
/Users/jackbowers/Archived - Box Sync/Language_Data/Mixtepec_Mixtec/media/speech-mix/with-txtgrd/S_live_at_home_1s_FUT_until_married_1s_01_02_TS.wav,1,96000,5.22,WAV
/Users/jackbowers/Archived - Box Sync/Language_Data/Mixtepec_Mixtec/media/speech-mix/with-txtgrd/S_load_2nd_sg_inf_wood_LOC_on_the_donkey_01_02_03_TS.wav,1,96000,7.18,WAV
/Users/jackbowers/Archived - Box Sync/Language_Data/Mixtepec_Mixtec/media/speech-mix/with-txtgrd/S_look_into_my_eyes_01_02_03_TS.wav,1,96000,6.19,WAV
/Users/jackbowers/Archived - Box Sync/Language_Data/Mixtepec_Mixtec/media/speech-mix/with-txtgrd/S_mother_1pl_name_is_Herminia_01_TS.wav,1,96000,2.92,WAV
/Users/jackbowers/Archived - Box Sync/Language_Data/Mixtepec_Mixtec/media/speech-mix/with-txtgrd/S_mother_aunts_1s_sew_clothes_01_02_TS.wav,1,96000,6.8,WAV
/Users/jackbowers/Archived - Box Sync/Language_Data/Mixtepec_Mixtec/media/speech-mix/with-txtgrd/S_my_car_broke_down_01_spkrJS.wav,1,22050,1.28,WAV
/Users/jackbowers/Archived - Box Sync/Language_Data/Mixtepec_Mixtec/media/speech-mix/with-txtgrd/S_my_car_broke_down_03_spkrJS.wav,1,22050,1.49,WAV
/Users/jackbowers/Archived - Box Sync/Language_Data/Mixtepec_Mixtec/media/speech-mix/with-txtgrd/S_my_mother_wakes_up_early_01_spkrTS.wav,1,96000,1.25,WAV
/Users/jackbowers/Archived - Box Sync/Language_Data/Mixtepec_Mixtec/media/speech-mix/with-txtgrd/S_my_siblings_are_older_than_I_02_TS.wav,1,96000,3.09,WAV
/Users/jackbowers/Archived - Box Sync/Language_Data/Mixtepec_Mixtec/media/speech-mix/with-txtgrd/S_my_siblings_do_not_live_at_home_02_spkrTS.wav,1,96000,2.24,WAV
/Users/jackbowers/Archived - Box Sync/Language_Data/Mixtepec_Mixtec/media/speech-mix/with-txtgrd/S_nine_husbands_eat_salt_05_spkrJS.wav,1,96000,2.34,WAV
/Users/jackbowers/Archived - Box Sync/Language_Data/Mixtepec_Mixtec/media/speech-mix/with-txtgrd/S_run_1s_CMPL_yesterday_01_02_TS.wav,1,96000,4.37,WAV
/Users/jackbowers/Archived - Box Sync/Language_Data/Mixtepec_Mixtec/media/speech-mix/with-txtgrd/S_run_1s_HAB_everyday_01_02_03_TS.wav,1,96000,4.68,WAV
/Users/jackbowers/Archived - Box Sync/Language_Data/Mixtepec_Mixtec/media/speech-mix/with-txtgrd/S_see_1s_you_2s-inf_01_02_TS.wav,1,96000,2.1,WAV
/Users/jackbowers/Archived - Box Sync/Language_Data/Mixtepec_Mixtec/media/speech-mix/with-txtgrd/S_she-grandmother_is_still_beautifull_01_02_TS.wav,1,96000,4.12,WAV
/Users/jackbowers/Archived - Box Sync/Language_Data/Mixtepec_Mixtec/media/speech-mix/with-txtgrd/S_siblings_1s_are_older_and_they_dont_live_at_home_01_02_03_TS.wav,1,96000,14.03,WAV
/Users/jackbowers/Archived - Box Sync/Language_Data/Mixtepec_Mixtec/media/speech-mix/with-txtgrd/S_sister-Maria_1st_sg_go_IMP_to_school_when_she_was_young_02_spkrTS.wav,1,96000,2.99,WAV
/Users/jackbowers/Archived - Box Sync/Language_Data/Mixtepec_Mixtec/media/speech-mix/with-txtgrd/S_someone_told_me_your_2s_inf_car_broke_down_01_JS.wav,1,22050,3.06,WAV
/Users/jackbowers/Archived - Box Sync/Language_Data/Mixtepec_Mixtec/media/speech-mix/with-txtgrd/S_someone_told_you_2s_inf_your_2s_inf_car_broke_down_JS.wav,1,44100,3.14,WAV
/Users/jackbowers/Archived - Box Sync/Language_Data/Mixtepec_Mixtec/media/speech-mix/with-txtgrd/S_someone_told_you_3pl_inf_your_2s_inf_car_broke_down_JS.wav,1,44100,3.49,WAV
/Users/jackbowers/Archived - Box Sync/Language_Data/Mixtepec_Mixtec/media/speech-mix/with-txtgrd/S_speak_1s_on_behalf_of_Pedro_01_02_03_TS.wav,1,96000,9.51,WAV
/Users/jackbowers/Archived - Box Sync/Language_Data/Mixtepec_Mixtec/media/speech-mix/with-txtgrd/S_stand_in_back_of_the_house_01_02_TS.wav,1,96000,3.82,WAV
/Users/jackbowers/Archived - Box Sync/Language_Data/Mixtepec_Mixtec/media/speech-mix/with-txtgrd/S_stand_in_front_of_the_house_01_02_03_TS.wav,1,96000,3.97,WAV
/Users/jackbowers/Archived - Box Sync/Language_Data/Mixtepec_Mixtec/media/speech-mix/with-txtgrd/S_stand_on_the_side_of_the_house_02_TS.wav,1,96000,1.78,WAV
/Users/jackbowers/Archived - Box Sync/Language_Data/Mixtepec_Mixtec/media/speech-mix/with-txtgrd/S_stay_at_FUT_home_tomorrow_1s_01_02_03_TS.wav,1,96000,6.71,WAV
/Users/jackbowers/Archived - Box Sync/Language_Data/Mixtepec_Mixtec/media/speech-mix/with-txtgrd/S_stay_at_FUT_home_tomorrow_3s_inf_01_02_03_TS.wav,1,96000,5.96,WAV
/Users/jackbowers/Archived - Box Sync/Language_Data/Mixtepec_Mixtec/media/speech-mix/with-txtgrd/S_stay_at_PRES_home_today_1s_01_02_03_TS.wav,1,96000,6.83,WAV
/Users/jackbowers/Archived - Box Sync/Language_Data/Mixtepec_Mixtec/media/speech-mix/with-txtgrd/S_stay_at_PST_home_the_other_day_1s_01_02_03_TS.wav,1,96000,6.57,WAV
/Users/jackbowers/Archived - Box Sync/Language_Data/Mixtepec_Mixtec/media/speech-mix/with-txtgrd/S_stay_at_PST_the_other_day_3s_inf_01_02_03_TS.wav,1,96000,7.35,WAV
/Users/jackbowers/Archived - Box Sync/Language_Data/Mixtepec_Mixtec/media/speech-mix/with-txtgrd/S_that_beautiful_woman_eats_chicken_1st_pl_01_spkrJS.wav,1,96000,3.56,WAV
/Users/jackbowers/Archived - Box Sync/Language_Data/Mixtepec_Mixtec/media/speech-mix/with-txtgrd/S_that_beautiful_woman_eats_chicken_1st_sg_01_spkrJS.wav,1,96000,3.92,WAV
/Users/jackbowers/Archived - Box Sync/Language_Data/Mixtepec_Mixtec/media/speech-mix/with-txtgrd/S_that_beautiful_woman_eats_the_chicken_02_JS.wav,1,96000,3.54,WAV
/Users/jackbowers/Archived - Box Sync/Language_Data/Mixtepec_Mixtec/media/speech-mix/with-txtgrd/S_the-that_priest_hit_1st_sg_01_JS.wav,1,22050,2.34,WAV
/Users/jackbowers/Archived - Box Sync/Language_Data/Mixtepec_Mixtec/media/speech-mix/with-txtgrd/S_the_bat_fly_COMPL_get_up_out_of_COMPL_the_cave_01_02_TS.wav,1,96000,7.35,WAV
/Users/jackbowers/Archived - Box Sync/Language_Data/Mixtepec_Mixtec/media/speech-mix/with-txtgrd/S_the_bat_fly_COMPL_to_the_cave_enter_COMPL_02_03_TS.wav,1,96000,6.77,WAV
/Users/jackbowers/Archived - Box Sync/Language_Data/Mixtepec_Mixtec/media/speech-mix/with-txtgrd/S_the_bat_fly_FUT_into_the_cave_01_02_03_TS.wav,1,96000,7.98,WAV
/Users/jackbowers/Archived - Box Sync/Language_Data/Mixtepec_Mixtec/media/speech-mix/with-txtgrd/S_the_bat_fly_FUT_out_of_the_cave_01_02_TS.wav,1,96000,5.75,WAV
/Users/jackbowers/Archived - Box Sync/Language_Data/Mixtepec_Mixtec/media/speech-mix/with-txtgrd/S_the_bee_is_flying_around_the_tree_01_02_03_TS.wav,1,96000,9.8,WAV
/Users/jackbowers/Archived - Box Sync/Language_Data/Mixtepec_Mixtec/media/speech-mix/with-txtgrd/S_the_crow_is_flying_high_01_02_03_TS.wav,1,96000,7.06,WAV
/Users/jackbowers/Archived - Box Sync/Language_Data/Mixtepec_Mixtec/media/speech-mix/with-txtgrd/S_the_dog_is_walking_towards_the_kids_01_02_spkrTS.wav,1,96000,6.71,WAV
/Users/jackbowers/Archived - Box Sync/Language_Data/Mixtepec_Mixtec/media/speech-mix/with-txtgrd/S_the_dogs_are_walking_away_from_eachother_01_02_03_spkrTS.wav,1,96000,6.96,WAV
/Users/jackbowers/Archived - Box Sync/Language_Data/Mixtepec_Mixtec/media/speech-mix/with-txtgrd/S_the_hawk_fly_COMPL_in_front_of_1s_01_02_03_TS.wav,1,96000,6.25,WAV
/Users/jackbowers/Archived - Box Sync/Language_Data/Mixtepec_Mixtec/media/speech-mix/with-txtgrd/S_the_hawk_fly_COMPL_infront_of_3s_inf_01_02_03_TS.wav,1,96000,5.65,WAV
/Users/jackbowers/Archived - Box Sync/Language_Data/Mixtepec_Mixtec/media/speech-mix/with-txtgrd/S_the_house_is_on_the_bottom_of_the_hill_01_02.wav,1,96000,4.32,WAV
/Users/jackbowers/Archived - Box Sync/Language_Data/Mixtepec_Mixtec/media/speech-mix/with-txtgrd/S_the_little_kid_put_the_cat_up_in_the_tree_01_02_spkrTS.wav,1,96000,6.95,WAV
/Users/jackbowers/Archived - Box Sync/Language_Data/Mixtepec_Mixtec/media/speech-mix/with-txtgrd/S_the_lizard_beLOC_in_the_boys_hand_01_02_03_TS.wav,1,96000,11.77,WAV
/Users/jackbowers/Archived - Box Sync/Language_Data/Mixtepec_Mixtec/media/speech-mix/with-txtgrd/S_the_owl_fly_COMPL_into_the_tree_01_02_03_TS.wav,1,96000,7.87,WAV
/Users/jackbowers/Archived - Box Sync/Language_Data/Mixtepec_Mixtec/media/speech-mix/with-txtgrd/S_the_red_and_yellow_bird_sings_01_spkrJS.wav,1,96000,3.9,WAV
/Users/jackbowers/Archived - Box Sync/Language_Data/Mixtepec_Mixtec/media/speech-mix/with-txtgrd/S_the_squirrel_eats_the_lion_02_spkrJS.wav,1,96000,2.65,WAV
/Users/jackbowers/Archived - Box Sync/Language_Data/Mixtepec_Mixtec/media/speech-mix/with-txtgrd/S_the_sun_shines_today_01_02_JS.wav,1,96000,5.35,WAV
/Users/jackbowers/Archived - Box Sync/Language_Data/Mixtepec_Mixtec/media/speech-mix/with-txtgrd/S_the_swallow_fly_away_COMPL_because_he_saw_a_vulcher_01_02_03_TS.wav,1,96000,11.63,WAV
/Users/jackbowers/Archived - Box Sync/Language_Data/Mixtepec_Mixtec/media/speech-mix/with-txtgrd/S_the_tree_LOC_DIST_01_02_spkrTS.wav,1,96000,3.37,WAV
/Users/jackbowers/Archived - Box Sync/Language_Data/Mixtepec_Mixtec/media/speech-mix/with-txtgrd/S_the_tree_LOC_DIST_from_me_01_02_03_spkrTS.wav,1,96000,7.08,WAV
/Users/jackbowers/Archived - Box Sync/Language_Data/Mixtepec_Mixtec/media/speech-mix/with-txtgrd/S_the_tree_LOC_PROX_01_02_03_spkrTS.wav,1,96000,4.48,WAV
/Users/jackbowers/Archived - Box Sync/Language_Data/Mixtepec_Mixtec/media/speech-mix/with-txtgrd/S_the_tree_LOC_PROX_me_01_02_03_spkrTS.wav,1,96000,6.49,WAV
/Users/jackbowers/Archived - Box Sync/Language_Data/Mixtepec_Mixtec/media/speech-mix/with-txtgrd/S_the_vase_has_some_water_01_TS.wav,1,96000,1.04,WAV
/Users/jackbowers/Archived - Box Sync/Language_Data/Mixtepec_Mixtec/media/speech-mix/with-txtgrd/S_the_vase_is_empty_01_02_TS.wav,1,96000,2.79,WAV
/Users/jackbowers/Archived - Box Sync/Language_Data/Mixtepec_Mixtec/media/speech-mix/with-txtgrd/S_the_woodpecker_fly_COMPL_in_front_of_3s_01_02_03_TS.wav,1,96000,6.84,WAV
/Users/jackbowers/Archived - Box Sync/Language_Data/Mixtepec_Mixtec/media/speech-mix/with-txtgrd/S_the_woodpecker_fly_COMPL_over_1s_01_02_03_TS.wav,1,96000,7.62,WAV
/Users/jackbowers/Archived - Box Sync/Language_Data/Mixtepec_Mixtec/media/speech-mix/with-txtgrd/S_the_woodpecker_fly_COMPL_over_the_field_01_02_03_04_TS.wav,1,96000,10.22,WAV
/Users/jackbowers/Archived - Box Sync/Language_Data/Mixtepec_Mixtec/media/speech-mix/with-txtgrd/S_there_is_an_ant_beLOC_on_my_leg_03_TS.wav,1,96000,2.44,WAV
/Users/jackbowers/Archived - Box Sync/Language_Data/Mixtepec_Mixtec/media/speech-mix/with-txtgrd/S_they_both_got_3rd_pl_inf_home_at_the_same_time_01_02_03spkrTS.wav,1,96000,4.13,WAV
/Users/jackbowers/Archived - Box Sync/Language_Data/Mixtepec_Mixtec/media/speech-mix/with-txtgrd/S_they_f_sew_clothes_very_well_01_spkrTS.wav,1,96000,1.96,WAV
/Users/jackbowers/Archived - Box Sync/Language_Data/Mixtepec_Mixtec/media/speech-mix/with-txtgrd/S_throw_3s_form_m_IMP_ball_DIR_1s_01_02_TS.wav,1,96000,4.34,WAV
/Users/jackbowers/Archived - Box Sync/Language_Data/Mixtepec_Mixtec/media/speech-mix/with-txtgrd/S_tree_LOC_PROX_01_02_03_TS.wav,1,96000,3.88,WAV
/Users/jackbowers/Archived - Box Sync/Language_Data/Mixtepec_Mixtec/media/speech-mix/with-txtgrd/S_want_1st_sg_it_to_rain_tomorrow_03_spkrTS.wav,1,96000,3.88,WAV
/Users/jackbowers/Archived - Box Sync/Language_Data/Mixtepec_Mixtec/media/speech-mix/with-txtgrd/S_wash_1st_sg_FUT_NEG_dog_1st_sg_01_02_TS.wav,1,96000,3.43,WAV
/Users/jackbowers/Archived - Box Sync/Language_Data/Mixtepec_Mixtec/media/speech-mix/with-txtgrd/S_wash_1st_sg_FUT_dog_1st_sg_01_02_TS.wav,1,96000,3.29,WAV
/Users/jackbowers/Archived - Box Sync/Language_Data/Mixtepec_Mixtec/media/speech-mix/with-txtgrd/S_we_ate_rice_and_beans_for_breakfast_last_saturday_01_02_TS.wav,1,96000,8.67,WAV
/Users/jackbowers/Archived - Box Sync/Language_Data/Mixtepec_Mixtec/media/speech-mix/with-txtgrd/S_we_studied_alot_01_02_TS.wav,1,96000,3.11,WAV
/Users/jackbowers/Archived - Box Sync/Language_Data/Mixtepec_Mixtec/media/speech-mix/with-txtgrd/S_who_wants_to_blow_01_JS.wav,1,22050,1.52,WAV
/Users/jackbowers/Archived - Box Sync/Language_Data/Mixtepec_Mixtec/media/speech-mix/with-txtgrd/S_woman-COP-beautiful_01_02_03_JS.wav,1,44100,6.51,WAV
/Users/jackbowers/Archived - Box Sync/Language_Data/Mixtepec_Mixtec/media/speech-mix/with-txtgrd/S_work_1st_sg_instead_of_Maria_01_02_03_TS.wav,1,96000,8.66,WAV
/Users/jackbowers/Archived - Box Sync/Language_Data/Mixtepec_Mixtec/media/speech-mix/with-txtgrd/S_you_2s_inf_smell_bad_01_02_03_spkrTS.wav,1,96000,4.1,WAV
/Users/jackbowers/Archived - Box Sync/Language_Data/Mixtepec_Mixtec/media/speech-mix/with-txtgrd/S_you_2s_inf_smell_good_01_02_03_spkrTS.wav,1,96000,3.65,WAV
/Users/jackbowers/Archived - Box Sync/Language_Data/Mixtepec_Mixtec/media/speech-mix/with-txtgrd/V_CMND_lay_down_01_02_03_TS.wav,1,96000,3.5,WAV
/Users/jackbowers/Archived - Box Sync/Language_Data/Mixtepec_Mixtec/media/speech-mix/with-txtgrd/V_CMND_sit_down_01_02_03_spkrTS.wav,1,96000,3.63,WAV
/Users/jackbowers/Archived - Box Sync/Language_Data/Mixtepec_Mixtec/media/speech-mix/with-txtgrd/V_CMND_sit_down_in_back_of_me_01_02_03_spkrTS.wav,1,96000,4.36,WAV
/Users/jackbowers/Archived - Box Sync/Language_Data/Mixtepec_Mixtec/media/speech-mix/with-txtgrd/V_CMND_sit_down_in_front_of_me_01_02_03_spkrTS.wav,1,96000,4.41,WAV
/Users/jackbowers/Archived - Box Sync/Language_Data/Mixtepec_Mixtec/media/speech-mix/with-txtgrd/V_CMND_sit_down_next_to_me_01_02_spkrTS.wav,1,96000,3.05,WAV
/Users/jackbowers/Archived - Box Sync/Language_Data/Mixtepec_Mixtec/media/speech-mix/with-txtgrd/V_CMND_stand_up_01_02_03_spkrTS.wav,1,96000,3.37,WAV
/Users/jackbowers/Archived - Box Sync/Language_Data/Mixtepec_Mixtec/media/speech-mix/with-txtgrd/V_MTN_flee_02_spkrTS.wav,1,96000,0.69,WAV
/Users/jackbowers/Archived - Box Sync/Language_Data/Mixtepec_Mixtec/media/speech-mix/with-txtgrd/V_be_hungry-be_dying_of_hunger_02_JS.wav,1,96000,1.31,WAV
/Users/jackbowers/Archived - Box Sync/Language_Data/Mixtepec_Mixtec/media/speech-mix/with-txtgrd/V_boil_01_02_JS.wav,1,96000,1.57,WAV
/Users/jackbowers/Archived - Box Sync/Language_Data/Mixtepec_Mixtec/media/speech-mix/with-txtgrd/V_bring-down_01_02_TS.wav,1,96000,1.71,WAV
/Users/jackbowers/Archived - Box Sync/Language_Data/Mixtepec_Mixtec/media/speech-mix/with-txtgrd/V_cut_01_JS.wav,1,96000,1.19,WAV
/Users/jackbowers/Archived - Box Sync/Language_Data/Mixtepec_Mixtec/media/speech-mix/with-txtgrd/V_cut_1s_01_JS.wav,1,96000,1.06,WAV
/Users/jackbowers/Archived - Box Sync/Language_Data/Mixtepec_Mixtec/media/speech-mix/with-txtgrd/V_cut_1s_02_JS.wav,1,96000,1.02,WAV
/Users/jackbowers/Archived - Box Sync/Language_Data/Mixtepec_Mixtec/media/speech-mix/with-txtgrd/V_draw_01_spkrJS.wav,1,96000,0.86,WAV
/Users/jackbowers/Archived - Box Sync/Language_Data/Mixtepec_Mixtec/media/speech-mix/with-txtgrd/V_draw_02_spkrJS.wav,1,96000,0.84,WAV
/Users/jackbowers/Archived - Box Sync/Language_Data/Mixtepec_Mixtec/media/speech-mix/with-txtgrd/V_drink_1s_01_02_TS.wav,1,96000,1.21,WAV
/Users/jackbowers/Archived - Box Sync/Language_Data/Mixtepec_Mixtec/media/speech-mix/with-txtgrd/V_eat_1s_FUT_03_TS.wav,1,96000,0.73,WAV
/Users/jackbowers/Archived - Box Sync/Language_Data/Mixtepec_Mixtec/media/speech-mix/with-txtgrd/V_eat_dinner_04_JS.wav,1,96000,0.82,WAV
/Users/jackbowers/Archived - Box Sync/Language_Data/Mixtepec_Mixtec/media/speech-mix/with-txtgrd/V_eat_lunch_01_JS.wav,1,96000,0.7,WAV
/Users/jackbowers/Archived - Box Sync/Language_Data/Mixtepec_Mixtec/media/speech-mix/with-txtgrd/V_fart_01_02_03_spkrTS.wav,1,96000,2.45,WAV
/Users/jackbowers/Archived - Box Sync/Language_Data/Mixtepec_Mixtec/media/speech-mix/with-txtgrd/V_give_02_spkrJS.wav,1,96000,0.66,WAV
/Users/jackbowers/Archived - Box Sync/Language_Data/Mixtepec_Mixtec/media/speech-mix/with-txtgrd/V_give_03_spkrJS.wav,1,96000,0.84,WAV
/Users/jackbowers/Archived - Box Sync/Language_Data/Mixtepec_Mixtec/media/speech-mix/with-txtgrd/V_give_1st_sg_FUT_01_02_spkrJS.wav,1,96000,1.86,WAV
/Users/jackbowers/Archived - Box Sync/Language_Data/Mixtepec_Mixtec/media/speech-mix/with-txtgrd/V_give_2nd_sg_inf_FUT_02_spkrJS.wav,1,96000,0.76,WAV
/Users/jackbowers/Archived - Box Sync/Language_Data/Mixtepec_Mixtec/media/speech-mix/with-txtgrd/V_go_2nd_pl_form_01_02_spkrJS.wav,1,44100,1.83,WAV
/Users/jackbowers/Archived - Box Sync/Language_Data/Mixtepec_Mixtec/media/speech-mix/with-txtgrd/V_go_2nd_pl_inf_01_02_spkrJS.wav,1,44100,1.69,WAV
/Users/jackbowers/Archived - Box Sync/Language_Data/Mixtepec_Mixtec/media/speech-mix/with-txtgrd/V_go_2nd_sg_form_01_02_spkrJS.wav,1,44100,1.66,WAV
/Users/jackbowers/Archived - Box Sync/Language_Data/Mixtepec_Mixtec/media/speech-mix/with-txtgrd/V_go_2nd_sg_inf_02_spkrJS.wav,1,44100,0.64,WAV
/Users/jackbowers/Archived - Box Sync/Language_Data/Mixtepec_Mixtec/media/speech-mix/with-txtgrd/V_go_2nd_sg_inf_FUT_02_spkrJS.wav,1,44100,0.87,WAV
/Users/jackbowers/Archived - Box Sync/Language_Data/Mixtepec_Mixtec/media/speech-mix/with-txtgrd/V_go_3rd_pl_form_all_03_04_JS.wav,1,44100,2.65,WAV
/Users/jackbowers/Archived - Box Sync/Language_Data/Mixtepec_Mixtec/media/speech-mix/with-txtgrd/V_go_3rd_pl_form_all_FUT_02_spkrJS.wav,1,44100,1.19,WAV
/Users/jackbowers/Archived - Box Sync/Language_Data/Mixtepec_Mixtec/media/speech-mix/with-txtgrd/V_go_3rd_pl_inf_01_spkrJS.wav,1,96000,1.16,WAV
/Users/jackbowers/Archived - Box Sync/Language_Data/Mixtepec_Mixtec/media/speech-mix/with-txtgrd/V_go_3rd_sg_form_f_FUT_01_spkrJS.wav,1,44100,1.09,WAV
/Users/jackbowers/Archived - Box Sync/Language_Data/Mixtepec_Mixtec/media/speech-mix/with-txtgrd/V_go_3s_form_m_FUT_01_02_JS.wav,1,44100,3.21,WAV
/Users/jackbowers/Archived - Box Sync/Language_Data/Mixtepec_Mixtec/media/speech-mix/with-txtgrd/V_jump_1st_sg_FUT_01_spkrTS.wav,1,96000,1.26,WAV
/Users/jackbowers/Archived - Box Sync/Language_Data/Mixtepec_Mixtec/media/speech-mix/with-txtgrd/V_jump_3rd_sg_inf_01_spkrJS.wav,1,96000,0.74,WAV
/Users/jackbowers/Archived - Box Sync/Language_Data/Mixtepec_Mixtec/media/speech-mix/with-txtgrd/V_jump_3rd_sg_inf_FUT_03_spkrJS.wav,1,96000,0.94,WAV
/Users/jackbowers/Archived - Box Sync/Language_Data/Mixtepec_Mixtec/media/speech-mix/with-txtgrd/V_kill_01_spkrJS.wav,1,96000,0.63,WAV
/Users/jackbowers/Archived - Box Sync/Language_Data/Mixtepec_Mixtec/media/speech-mix/with-txtgrd/V_kill_02_spkrJS.wav,1,96000,0.64,WAV
/Users/jackbowers/Archived - Box Sync/Language_Data/Mixtepec_Mixtec/media/speech-mix/with-txtgrd/V_read_01_spkrJS.wav,1,96000,0.62,WAV
/Users/jackbowers/Archived - Box Sync/Language_Data/Mixtepec_Mixtec/media/speech-mix/with-txtgrd/V_read_02_spkrJS.wav,1,96000,0.61,WAV
/Users/jackbowers/Archived - Box Sync/Language_Data/Mixtepec_Mixtec/media/speech-mix/with-txtgrd/V_run_01_JS.wav,1,96000,1.12,WAV
/Users/jackbowers/Archived - Box Sync/Language_Data/Mixtepec_Mixtec/media/speech-mix/with-txtgrd/V_run_02_spkrJS.wav,1,96000,0.98,WAV
/Users/jackbowers/Archived - Box Sync/Language_Data/Mixtepec_Mixtec/media/speech-mix/with-txtgrd/V_run_1st_pl_01_02_spkrJS.wav,1,96000,2.58,WAV
/Users/jackbowers/Archived - Box Sync/Language_Data/Mixtepec_Mixtec/media/speech-mix/with-txtgrd/V_run_1st_sg_01_spkrJS.wav,1,96000,0.97,WAV
/Users/jackbowers/Archived - Box Sync/Language_Data/Mixtepec_Mixtec/media/speech-mix/with-txtgrd/V_run_1st_sg_02_spkrJS.wav,1,96000,1.01,WAV
/Users/jackbowers/Archived - Box Sync/Language_Data/Mixtepec_Mixtec/media/speech-mix/with-txtgrd/V_run_2nd_pl_form_01_02_spkrJS.wav,1,96000,2.28,WAV
/Users/jackbowers/Archived - Box Sync/Language_Data/Mixtepec_Mixtec/media/speech-mix/with-txtgrd/V_run_2nd_pl_inf_01_spkrJS.wav,1,96000,1.19,WAV
/Users/jackbowers/Archived - Box Sync/Language_Data/Mixtepec_Mixtec/media/speech-mix/with-txtgrd/V_run_2nd_sg_form_01_spkrJS.wav,1,96000,1.0,WAV
/Users/jackbowers/Archived - Box Sync/Language_Data/Mixtepec_Mixtec/media/speech-mix/with-txtgrd/V_run_2nd_sg_inf_01_spkrJS.wav,1,96000,0.96,WAV
/Users/jackbowers/Archived - Box Sync/Language_Data/Mixtepec_Mixtec/media/speech-mix/with-txtgrd/V_run_2nd_sg_inf_02_spkrJS.wav,1,96000,1.14,WAV
/Users/jackbowers/Archived - Box Sync/Language_Data/Mixtepec_Mixtec/media/speech-mix/with-txtgrd/V_run_3rd_pl_form_all_01_02_spkrJS.wav,1,96000,2.31,WAV
/Users/jackbowers/Archived - Box Sync/Language_Data/Mixtepec_Mixtec/media/speech-mix/with-txtgrd/V_run_3rd_pl_inf_01_spkrJS.wav,1,96000,1.38,WAV
/Users/jackbowers/Archived - Box Sync/Language_Data/Mixtepec_Mixtec/media/speech-mix/with-txtgrd/V_run_3rd_sg_form_m_01_02_spkrJS.wav,1,96000,1.92,WAV
/Users/jackbowers/Archived - Box Sync/Language_Data/Mixtepec_Mixtec/media/speech-mix/with-txtgrd/V_run_3rd_sg_inf_01_spkrJS.wav,1,96000,1.05,WAV
/Users/jackbowers/Archived - Box Sync/Language_Data/Mixtepec_Mixtec/media/speech-mix/with-txtgrd/V_run_3rd_sg_inf_02_spkrJS.wav,1,96000,0.75,WAV
/Users/jackbowers/Archived - Box Sync/Language_Data/Mixtepec_Mixtec/media/speech-mix/with-txtgrd/V_see_01_02_spkrTS.wav,1,96000,3.37,WAV
/Users/jackbowers/Archived - Box Sync/Language_Data/Mixtepec_Mixtec/media/speech-mix/with-txtgrd/V_shine_02_spkrJS.wav,1,96000,0.87,WAV
/Users/jackbowers/Archived - Box Sync/Language_Data/Mixtepec_Mixtec/media/speech-mix/with-txtgrd/V_sing_01_02_spkrTS.wav,1,96000,1.77,WAV
/Users/jackbowers/Archived - Box Sync/Language_Data/Mixtepec_Mixtec/media/speech-mix/with-txtgrd/V_sing_3rd_pl_inf_01_spkrJS.wav,1,96000,1.24,WAV
/Users/jackbowers/Archived - Box Sync/Language_Data/Mixtepec_Mixtec/media/speech-mix/with-txtgrd/V_sleep_01_spkrJS.wav,1,96000,0.64,WAV
/Users/jackbowers/Archived - Box Sync/Language_Data/Mixtepec_Mixtec/media/speech-mix/with-txtgrd/V_sleep_02_spkrJS.wav,1,96000,0.64,WAV
/Users/jackbowers/Archived - Box Sync/Language_Data/Mixtepec_Mixtec/media/speech-mix/with-txtgrd/V_sleep_1st_sg_01_spkrJS.wav,1,96000,0.79,WAV
/Users/jackbowers/Archived - Box Sync/Language_Data/Mixtepec_Mixtec/media/speech-mix/with-txtgrd/V_sleep_1st_sg_02_spkrJS.wav,1,96000,0.79,WAV
/Users/jackbowers/Archived - Box Sync/Language_Data/Mixtepec_Mixtec/media/speech-mix/with-txtgrd/V_smell_01_02_03_TS.wav,1,96000,2.05,WAV
/Users/jackbowers/Archived - Box Sync/Language_Data/Mixtepec_Mixtec/media/speech-mix/with-txtgrd/V_speak_01_02_03_04_05_TS.wav,1,96000,4.42,WAV
/Users/jackbowers/Archived - Box Sync/Language_Data/Mixtepec_Mixtec/media/speech-mix/with-txtgrd/V_speak_1st_sg_01_spkrTS.wav,1,96000,0.76,WAV
/Users/jackbowers/Archived - Box Sync/Language_Data/Mixtepec_Mixtec/media/speech-mix/with-txtgrd/V_teach_01_02_03_TS.wav,1,96000,2.06,WAV
/Users/jackbowers/Archived - Box Sync/Language_Data/Mixtepec_Mixtec/media/speech-mix/with-txtgrd/V_think_old_01_spkrJS.wav,1,96000,1.31,WAV
/Users/jackbowers/Archived - Box Sync/Language_Data/Mixtepec_Mixtec/media/speech-mix/with-txtgrd/V_think_yng_03_spkrJS.wav,1,96000,1.03,WAV
/Users/jackbowers/Archived - Box Sync/Language_Data/Mixtepec_Mixtec/media/speech-mix/with-txtgrd/V_whisper_01_02_TS.wav,1,96000,1.09,WAV
/Users/jackbowers/Archived - Box Sync/Language_Data/Mixtepec_Mixtec/media/speech-mix/with-txtgrd/V_yell_01_02_spkrTS.wav,1,96000,1.43,WAV
/Users/jackbowers/Archived - Box Sync/Language_Data/Mixtepec_Mixtec/media/speech-mix/with-txtgrd/WH_Q_what_01_spkrJS.wav,1,96000,0.65,WAV
/Users/jackbowers/Archived - Box Sync/Language_Data/Mixtepec_Mixtec/media/speech-mix/with-txtgrd/WH_Q_what_01_spkrTS.wav,1,32000,0.57,WAV
/Users/jackbowers/Archived - Box Sync/Language_Data/Mixtepec_Mixtec/media/speech-mix/with-txtgrd/WH_Q_what_02_spkrJS.wav,1,96000,0.61,WAV
/Users/jackbowers/Archived - Box Sync/Language_Data/Mixtepec_Mixtec/media/speech-mix/with-txtgrd/WH_Q_what_02_spkrTS.wav,1,32000,0.7,WAV
/Users/jackbowers/Archived - Box Sync/Language_Data/Mixtepec_Mixtec/media/speech-mix/with-txtgrd/WH_Q_what_03_spkrTS.wav,1,32000,0.54,WAV
/Users/jackbowers/Archived - Box Sync/Language_Data/Mixtepec_Mixtec/media/speech-mix/with-txtgrd/WH_Q_when_01_spkrTS.wav,1,32000,0.7,WAV
/Users/jackbowers/Archived - Box Sync/Language_Data/Mixtepec_Mixtec/media/speech-mix/with-txtgrd/WH_Q_when_02_spkrTS.wav,1,32000,0.78,WAV
/Users/jackbowers/Archived - Box Sync/Language_Data/Mixtepec_Mixtec/media/speech-mix/with-txtgrd/WH_Q_when_03_spkrTS.wav,1,32000,0.63,WAV
/Users/jackbowers/Archived - Box Sync/Language_Data/Mixtepec_Mixtec/media/speech-mix/with-txtgrd/WH_Q_where_01_spkrTS.wav,1,32000,0.75,WAV
/Users/jackbowers/Archived - Box Sync/Language_Data/Mixtepec_Mixtec/media/speech-mix/with-txtgrd/WH_Q_where_02_spkrTS.wav,1,32000,0.76,WAV
/Users/jackbowers/Archived - Box Sync/Language_Data/Mixtepec_Mixtec/media/speech-mix/with-txtgrd/WH_Q_where_04_spkrJS.wav,1,96000,0.87,WAV
/Users/jackbowers/Archived - Box Sync/Language_Data/Mixtepec_Mixtec/media/speech-mix/with-txtgrd/WH_Q_who_01_spkrJS.wav,1,96000,0.53,WAV
/Users/jackbowers/Archived - Box Sync/Language_Data/Mixtepec_Mixtec/media/speech-mix/with-txtgrd/WH_Q_who_01_spkrTS.wav,1,32000,0.55,WAV
/Users/jackbowers/Archived - Box Sync/Language_Data/Mixtepec_Mixtec/media/speech-mix/with-txtgrd/WH_Q_who_02_spkrJS.wav,1,96000,0.68,WAV
/Users/jackbowers/Archived - Box Sync/Language_Data/Mixtepec_Mixtec/media/speech-mix/with-txtgrd/WH_Q_who_02_spkrTS.wav,1,32000,0.58,WAV
/Users/jackbowers/Archived - Box Sync/Language_Data/Mixtepec_Mixtec/media/speech-mix/with-txtgrd/be_at_home_PRES_1s_01_02_03_TS.wav,1,96000,11.49,WAV
/Users/jackbowers/Archived - Box Sync/Language_Data/Mixtepec_Mixtec/media/speech-mix/with-txtgrd/be_at_home_PST_3s-inf_01_02_03_TS.wav,1,96000,7.36,WAV
/Users/jackbowers/Archived - Box Sync/Language_Data/Mixtepec_Mixtec/media/speech-mix/with-txtgrd/body_part_relations_penis_legs_01_02_TS.wav,1,96000,6.92,WAV
/Users/jackbowers/Archived - Box Sync/Language_Data/Mixtepec_Mixtec/media/speech-mix/with-txtgrd/cabeza-sombrero_TS.wav,1,96000,11.21,WAV
/Users/jackbowers/Archived - Box Sync/Language_Data/Mixtepec_Mixtec/media/speech-mix/with-txtgrd/s_the_bat_fly_COMPL_enter_COMPL_the_cave_01_02_03_TS.wav,1,96000,8.06,WAV
