xml_file,wav_file,token_n,start,end,orth,ipa_gold,ipa_notone,ipa_full_normalized,changed,source_corpus
190710_0260.xml,190710_0260.wav,1,2.04,3.77,naá,na˩a↗,naa,naa,yes,single-word
190710_0260.xml,190710_0260.wav,2,3.77,5.08,naá,na˩a↗,naa,naa,yes,single-word
190710_0260.xml,190710_0260.wav,3,7.10,9.16,náa,na˧˥a↘,naa,naa,yes,single-word
190710_0260.xml,190710_0260.wav,4,9.16,12.17,náa,na˧˥a↘,naa,naa,yes,single-word
ADJ_new_01_spkrJS.xml,ADJ_new_01_spkrJS.wav,1,0,0.66,tsaa,tsaː↗↘,tsaː,t͡saa,yes,single-word
ADJ_new_01_spkrTS.xml,ADJ_new_01_spkrTS.wav,1,0,0.42,tsaa,,,,no,single-word
ADJ_new_02_spkrJS.xml,ADJ_new_02_spkrJS.wav,1,0,0.65,tsaa,tsaː↗↘,tsaː,t͡saa,yes,single-word
ADJ_new_02_spkrTS.xml,ADJ_new_02_spkrTS.wav,1,0,0.41,tsaa,,,,no,single-word
ADJ_not-difficult_01_02_03_spkrTS.xml,ADJ_not-difficult_01_02_03_spkrTS.wav,1,0,0.98,kue nchichi,kwe˧ ndʒ˥tʃi˩,kwe ndʒtʃi,kwe nd͡ʒt͡ʃi,yes,single-word
ADJ_not-difficult_01_02_03_spkrTS.xml,ADJ_not-difficult_01_02_03_spkrTS.wav,2,0.98,2.64,kue nchichi,kwe˧ndʒi˥tʃi˩,kwendʒitʃi,kwend͡ʒit͡ʃi,yes,single-word
ADJ_not-difficult_01_02_03_spkrTS.xml,ADJ_not-difficult_01_02_03_spkrTS.wav,3,2.64,4.27,kue nchichi,kwe˧ndʒi˥tʃi˩,kwendʒitʃi,kwend͡ʒit͡ʃi,yes,single-word
ADJ_sacred_01_02_03_04_JS.xml,ADJ_sacred_01_02_03_04_JS.wav,1,0,0.75,ii,iː↘↗,iː,ii,yes,single-word
ADJ_sacred_01_02_03_04_JS.xml,ADJ_sacred_01_02_03_04_JS.wav,2,0.75,1.39,ii,iː↘↗,iː,ii,yes,single-word
ADJ_sacred_01_02_03_04_JS.xml,ADJ_sacred_01_02_03_04_JS.wav,3,1.39,1.99,ii,iː↘↗,iː,ii,yes,single-word
ADJ_short_01_02_03_JS.xml,ADJ_short_01_02_03_JS.wav,1,0,1.51,cha'a,tʃa˥ʔa˩,tʃaʔa,t͡ʃaʔa,yes,single-word
ADJ_short_01_02_03_JS.xml,ADJ_short_01_02_03_JS.wav,2,1.51,3.42,cha'a,tʃa˥ʔa˩,tʃaʔa,t͡ʃaʔa,yes,single-word
ADJ_short_01_02_03_JS.xml,ADJ_short_01_02_03_JS.wav,3,3.42,4.90,cha'a,tʃ˥aʔa˩,tʃaʔa,t͡ʃaʔa,yes,single-word
ADJ_skinny_01_02_03_spkrJS.xml,ADJ_skinny_01_02_03_spkrJS.wav,1,0,1.48,tikatsa,di˩ka˩tsa˥,dikatsa,dikat͡sa,yes,single-word
ADJ_skinny_01_02_03_spkrJS.xml,ADJ_skinny_01_02_03_spkrJS.wav,2,1.48,3.14,tikatsa,di˩ka˩tsa˥,dikatsa,dikat͡sa,yes,single-word
ADJ_skinny_01_02_03_spkrJS.xml,ADJ_skinny_01_02_03_spkrJS.wav,3,3.14,4.72,tikatsa,di˩ka˩tsa˥,dikatsa,dikat͡sa,yes,single-word
ADJ_small_01_spkrJS.xml,ADJ_small_01_spkrJS.wav,1,0,1.38,luu,luː˥,luː,luu,yes,single-word
ADJ_smelly_01_02_03_spkrTS.xml,ADJ_smelly_01_02_03_spkrTS.wav,1,0,0.83,tsa'an,tsã˥ʔã˩,tsãʔã,t͡sãʔã,yes,single-word
ADJ_smelly_01_02_03_spkrTS.xml,ADJ_smelly_01_02_03_spkrTS.wav,2,0.83,1.67,tsa'an,tsã˥ʔã˩,tsãʔã,t͡sãʔã,yes,single-word
ADJ_smelly_01_02_03_spkrTS.xml,ADJ_smelly_01_02_03_spkrTS.wav,3,1.67,2.58,tsa'an,tsã˥ʔã˩,tsãʔã,t͡sãʔã,yes,single-word
ADJ_tall_1st_pl_01_JS.xml,ADJ_tall_1st_pl_01_JS.wav,1,0,1.24,suku,su˥ku↘,suku,suku,yes,single-word
ADJ_tall_1st_sg_01_JS.xml,ADJ_tall_1st_sg_01_JS.wav,1,0,0.71,suku,su˥ku↘,suku,suku,yes,single-word
ADJ_tall_2nd_sg_form_01_JS.xml,ADJ_tall_2nd_sg_form_01_JS.wav,1,0,1.00,suku,su˥ku↘,suku,suku,yes,single-word
ADJ_tall_2nd_sg_inf_01_JS.xml,ADJ_tall_2nd_sg_inf_01_JS.wav,1,0,0.94,suku,su˥ku↘,suku,suku,yes,single-word
ADJ_thick_OBJ_01_02_03_JS.xml,ADJ_thick_OBJ_01_02_03_JS.wav,1,0,1.53,kuku,ku˥ku˥,kuku,kuku,yes,single-word
ADJ_thick_OBJ_01_02_03_JS.xml,ADJ_thick_OBJ_01_02_03_JS.wav,2,1.53,2.71,kuku,ku˥ku˥,kuku,kuku,yes,single-word
ADJ_thick_OBJ_01_02_03_JS.xml,ADJ_thick_OBJ_01_02_03_JS.wav,3,2.71,3.82,kuku,ku˥ku˥,kuku,kuku,yes,single-word
ADJ_thin-narrow_OBJ_01_02_03_JS.xml,ADJ_thin-narrow_OBJ_01_02_03_JS.wav,1,0,1.21,kuiyi,kwĩ˥↘jĩ↗,kwĩjĩ,kwĩjĩ,yes,single-word
ADJ_thin-narrow_OBJ_01_02_03_JS.xml,ADJ_thin-narrow_OBJ_01_02_03_JS.wav,2,1.21,2.39,kuiyi,kwĩ˥↘jĩ↗,kwĩjĩ,kwĩjĩ,yes,single-word
ADJ_thin-narrow_OBJ_01_02_03_JS.xml,ADJ_thin-narrow_OBJ_01_02_03_JS.wav,3,2.39,3.74,kuiyi,kwĩ˥↘jĩ↗,kwĩjĩ,kwĩjĩ,yes,single-word
ADJ_wide_01_02_03_JS.xml,ADJ_wide_01_02_03_JS.wav,1,0,1.33,ntika,nd̪i˥ka↘,nd̪ika,nd̪ika,yes,single-word
ADJ_wide_01_02_03_JS.xml,ADJ_wide_01_02_03_JS.wav,2,1.33,2.69,ntika,nd̪i˥ka↘,nd̪ika,nd̪ika,yes,single-word
ADJ_wide_01_02_03_JS.xml,ADJ_wide_01_02_03_JS.wav,3,2.69,3.97,ntika,nd̪i˥ka↘,nd̪ika,nd̪ika,yes,single-word
ADPOS-CONFG_above-over-north_01_02_03_spkrTS.xml,ADPOS-CONFG_above-over-north_01_02_03_spkrTS.wav,1,0,0.75,chi,tʃi˥,tʃi,t͡ʃi,yes,single-word
ADPOS-CONFG_above-over-north_01_02_03_spkrTS.xml,ADPOS-CONFG_above-over-north_01_02_03_spkrTS.wav,2,0.75,1.62,chi,tʃi˥,tʃi,t͡ʃi,yes,single-word
ADPOS-CONFG_above-over-north_01_02_03_spkrTS.xml,ADPOS-CONFG_above-over-north_01_02_03_spkrTS.wav,3,1.62,2.38,chi,tʃi˥,tʃi,t͡ʃi,yes,single-word
ADPOS-CONFG_below-under-south_01_02_spkrTS.xml,ADPOS-CONFG_below-under-south_01_02_spkrTS.wav,1,0,0.97,chi,tʃi˥ni˥,tʃini,t͡ʃini,yes,single-word
ADPOS-CONFG_below-under-south_01_02_spkrTS.xml,ADPOS-CONFG_below-under-south_01_02_spkrTS.wav,2,0.97,1.94,chi,tʃi˥ni˥,tʃini,t͡ʃini,yes,single-word
ADV_NEG_not_01_02_spkrJS.xml,ADV_NEG_not_01_02_spkrJS.wav,1,0,0.71,kuee,kweː↗,kweː,kwee,yes,single-word
ADV_NEG_not_01_02_spkrJS.xml,ADV_NEG_not_01_02_spkrJS.wav,2,0.71,1.75,kuee,kweː↗,kweː,kwee,yes,single-word
ADV_TEMP_early_01_02_03_spkrTS.xml,ADV_TEMP_early_01_02_03_spkrTS.wav,1,0,1.16,na'a,na˥ʔa↘,naʔa,naʔa,yes,single-word
ADV_TEMP_early_01_02_03_spkrTS.xml,ADV_TEMP_early_01_02_03_spkrTS.wav,2,1.16,2.27,na'a,na˥ʔa↘,naʔa,naʔa,yes,single-word
ADV_TEMP_early_01_02_03_spkrTS.xml,ADV_TEMP_early_01_02_03_spkrTS.wav,3,2.27,3.23,na'a,na˥ʔa∙,naʔa,naʔa,yes,single-word
ADV_again_01_JS.xml,ADV_again_01_JS.wav,1,0,1.22,inka tuku,ĩːk̬aː˩t̪u˩ɣu˩,ĩːk̬aːt̪uɣu,ĩːk̬aat̪uɣu,yes,single-word
ADV_again_02_JS.xml,ADV_again_02_JS.wav,1,0,1.34,inkaatuku,ŋk̬aː˩tu˩ɣu˩,ŋk̬aːtuɣu,ŋk̬aatuɣu,yes,single-word
ADV_no_01_02_spkrTS.xml,ADV_no_01_02_spkrTS.wav,1,0,1.07,a'an,ã̰˩ʔã̰˥,ã̰ʔã̰,ã̰ʔã̰,yes,single-word
ADV_no_01_02_spkrTS.xml,ADV_no_01_02_spkrTS.wav,2,1.07,2.14,a'an,ã̰˩ʔã̰˥,ã̰ʔã̰,ã̰ʔã̰,yes,single-word
ADV_no_01_spkrJS.xml,ADV_no_01_spkrJS.wav,1,0,0.60,a'an,a̰˩ʔã̰ː↗↘,a̰ʔã̰ː,aʔã̰ː,yes,single-word
ADV_no_01_spkrTS.xml,ADV_no_01_spkrTS.wav,1,0,0.65,a'an,a̰˩ʔã̰↗↘,a̰ʔã̰,aʔã̰,yes,single-word
ADV_no_02_spkrJS.xml,ADV_no_02_spkrJS.wav,1,0,0.56,a'an,a̰˩ʔa̰ː↗↘,a̰ʔa̰ː,aʔa̰a̰,yes,single-word
ADV_no_02_spkrTS.xml,ADV_no_02_spkrTS.wav,1,0,0.60,a'an,a̰∙ʔa̰↗↘,a̰ʔa̰,aʔa̰,yes,single-word
ADV_not_02_spkrJS.xml,ADV_not_02_spkrJS.wav,1,0,1.21,kuee,kweː↗,kweː,kwee,yes,single-word
ADV_only_01_spkrTS.xml,ADV_only_01_spkrTS.wav,1,0,0.64,ni,niː˩,niː,nii,yes,single-word
ADV_the_other_day_01_spkrTS.xml,ADV_the_other_day_01_spkrTS.wav,1,0,1.00,ta'ikuñuu,t̬a˥ʔi↘ku↘ɲũː↘↗ꜜ,t̬aʔikuɲũː,t̬aʔikuɲũː,yes,single-word
ADV_yes_01_02_spkrTS.xml,ADV_yes_01_02_spkrTS.wav,1,0,1.39,aan,ãː˧,ãː,ãː,yes,single-word
ADV_yes_01_02_spkrTS.xml,ADV_yes_01_02_spkrTS.wav,2,1.39,2.79,aan,ãː˧,ãː,ãː,yes,single-word
ADV_yes_01_spkrJS.xml,ADV_yes_01_spkrJS.wav,1,0,0.55,aan,ãː˧,ãː,ãː,yes,single-word
ADV_yes_01_spkrTS.xml,ADV_yes_01_spkrTS.wav,1,0,0.60,aan,ã:˧,ã:,ã:,yes,single-word
ADV_yes_02_spkrJS.xml,ADV_yes_02_spkrJS.wav,1,0,0.57,aan,ãː˧,ãː,ãː,yes,single-word
ADV_yes_02_spkrTS.xml,ADV_yes_02_spkrTS.wav,1,0,0.60,aan,ã:˧,ã:,ã:,yes,single-word
ADV_yes_v2_01_02_spkrTS.xml,ADV_yes_v2_01_02_spkrTS.wav,1,0,1.28,uun,ũː˧,ũː,ũː,yes,single-word
ADV_yes_v2_01_02_spkrTS.xml,ADV_yes_v2_01_02_spkrTS.wav,2,1.28,2.56,uun,ũː˧,ũː,ũː,yes,single-word
ADV_yesterday_01_spkrTS.xml,ADV_yesterday_01_spkrTS.wav,1,0,0.78,takuni,t̬a˥ku↘ni∙,t̬akuni,t̬akuni,yes,single-word
BPT_arm_01_02_03_spkrTS.xml,BPT_arm_01_02_03_spkrTS.wav,1,0,0.82,nta'a,nda∙ʔa˥,ndaʔa,ndaʔa,yes,single-word
BPT_arm_01_02_03_spkrTS.xml,BPT_arm_01_02_03_spkrTS.wav,2,0.82,1.67,nta'a,nda˩ʔa˥,ndaʔa,ndaʔa,yes,single-word
BPT_arm_01_02_03_spkrTS.xml,BPT_arm_01_02_03_spkrTS.wav,3,1.67,2.48,nta'a,nda˩ʔa˥,ndaʔa,ndaʔa,yes,single-word
BPT_belly_button_01_02_03_spkrTS.xml,BPT_belly_button_01_02_03_spkrTS.wav,1,0,0.95,nxandu,ʃa↘↗ndu˥,ʃandu,ʃandu,yes,single-word
BPT_belly_button_01_02_03_spkrTS.xml,BPT_belly_button_01_02_03_spkrTS.wav,2,0.95,2.10,nxandu,ʃa↘↗ndu˥,ʃandu,ʃandu,yes,single-word
BPT_belly_button_01_02_03_spkrTS.xml,BPT_belly_button_01_02_03_spkrTS.wav,3,2.10,3.21,nxandu,ʃa↘↗ꜜndu˥ꜜ,ʃandu,ʃandu,yes,single-word
BPT_body_01_02_03_spkrTS.xml,BPT_body_01_02_03_spkrTS.wav,1,0,0.69,kuñu,kũ↗ɲũ∙,kũɲũ,kũɲũ,yes,single-word
BPT_body_01_02_03_spkrTS.xml,BPT_body_01_02_03_spkrTS.wav,2,0.69,1.54,kuñu,kũ↗ɲũ↘,kũɲũ,kũɲũ,yes,single-word
BPT_body_01_02_03_spkrTS.xml,BPT_body_01_02_03_spkrTS.wav,3,1.54,2.38,kuñu,kũ↗ɲũ∙,kũɲũ,kũɲũ,yes,single-word
BPT_face_01_TS.xml,BPT_face_01_TS.wav,1,0,0.62,nuu,nũː↘↗,nũː,nũː,yes,single-word
CLR_blue_01_02_TS.xml,CLR_blue_01_02_TS.wav,1,0,3.05,nchaa,ndʒaː˥,ndʒaː,nd͡ʒaa,yes,single-word
CLR_blue_01_02_TS.xml,CLR_blue_01_02_TS.wav,2,3.05,4.41,nchaa,ndʒaː˥,ndʒaː,nd͡ʒaa,yes,single-word
CLR_dark_grey_01_02_TS.xml,CLR_dark_grey_01_02_TS.wav,1,0,1.08,ya'a,ja˥ʔa↘,jaʔa,jaʔa,yes,single-word
CLR_dark_grey_01_02_TS.xml,CLR_dark_grey_01_02_TS.wav,2,1.08,2.15,ya'a,ja˥ʔa∙,jaʔa,jaʔa,yes,single-word
CLR_green_01_spkrJS.xml,CLR_green_01_spkrJS.wav,1,0,0.77,kuiyi,kwi↘ji↗,kwiji,kwiji,yes,single-word
CLR_white_01_spkrJS.xml,CLR_white_01_spkrJS.wav,1,0,0.68,yaa,jaː↘,jaː,jaa,yes,single-word
CLR_white_02_spkrJS.xml,CLR_white_02_spkrJS.wav,1,0,0.61,yaa,jaː↘,jaː,jaa,yes,single-word
CLR_yellow_01_02_TS.xml,CLR_yellow_01_02_TS.wav,1,0,1.20,kuaan,kwãː˥,kwãː,kwãː,yes,single-word
CLR_yellow_01_02_TS.xml,CLR_yellow_01_02_TS.wav,2,1.20,2.39,kuaan,kwãː˥ꜜ,kwãː,kwãː,yes,single-word
CMND_come_DEIXS_LOC_1st_sg_01_02_03_spkrTS.xml,CMND_come_DEIXS_LOC_1st_sg_01_02_03_spkrTS.wav,1,0,1.47,kaka,ka˥ka˥,kaka,kaka,yes,single-word
CMND_come_DEIXS_LOC_1st_sg_01_02_03_spkrTS.xml,CMND_come_DEIXS_LOC_1st_sg_01_02_03_spkrTS.wav,2,1.47,3.13,kaka,ka˥ꜜka˥,kaka,kaka,yes,single-word
CMND_come_DEIXS_LOC_1st_sg_01_02_03_spkrTS.xml,CMND_come_DEIXS_LOC_1st_sg_01_02_03_spkrTS.wav,3,3.13,4.37,kaka,ka˥ka˥,kaka,kaka,yes,single-word
CMND_come_down_01_02_03_TS.xml,CMND_come_down_01_02_03_TS.wav,1,0,1.36,kua,kw˥an,kwan,kwan,yes,single-word
CMND_come_down_01_02_03_TS.xml,CMND_come_down_01_02_03_TS.wav,2,1.36,2.67,kua,kwa˥,kwa,kwa,yes,single-word
CMND_come_down_01_02_03_TS.xml,CMND_come_down_01_02_03_TS.wav,3,2.67,4.12,kua,kwa˥,kwa,kwa,yes,single-word
CONFIG-body_parts-back_butt_01_02_03_TS.xml,CONFIG-body_parts-back_butt_01_02_03_TS.wav,1,0,7.16,chikuchi,tʃi˥ku↘tʃi↗ꜜ,tʃikutʃi,t͡ʃikut͡ʃi,yes,single-word
CONFIG-body_parts-back_butt_01_02_03_TS.xml,CONFIG-body_parts-back_butt_01_02_03_TS.wav,2,7.16,13.07,chikuchi,tʃ˥iku↘tʃi↗ꜜ,tʃikutʃi,t͡ʃikut͡ʃi,yes,single-word
CONFIG-body_parts-ears_head_01_02_TS.xml,CONFIG-body_parts-ears_head_01_02_TS.wav,1,1.57,4.62,so'o,so˥ʔo˧,soʔo,soʔo,yes,single-word
CONFIG-body_parts-ears_head_01_02_TS.xml,CONFIG-body_parts-ears_head_01_02_TS.wav,2,4.62,7.48,so'o,so˥ꜛʔo˩,soꜛʔo,soꜛʔo,yes,single-word
CONFIG-body_parts-ears_head_3form-all_01_02_TS.xml,CONFIG-body_parts-ears_head_3form-all_01_02_TS.wav,1,5.49,7.99,so'o,so˥ʔo˩,soʔo,soʔo,yes,single-word
CONFIG-body_parts-ears_head_3form-all_01_02_TS.xml,CONFIG-body_parts-ears_head_3form-all_01_02_TS.wav,2,7.99,10.60,so'o,soʔ˥o˩,soʔo,soʔo,yes,single-word
CONFIG-body_parts-face_head_01_02_TS.xml,CONFIG-body_parts-face_head_01_02_TS.wav,1,0,2.66,nuu,nũː↘↗,nũː,nũː,yes,single-word
CONFIG-body_parts-face_head_01_02_TS.xml,CONFIG-body_parts-face_head_01_02_TS.wav,2,2.66,5.45,nuu,nũː↘↗,nũː,nũː,yes,single-word
CONFIG-body_parts-face_head_3s-inf_01_02_TS.xml,CONFIG-body_parts-face_head_3s-inf_01_02_TS.wav,1,0,2.61,nuu,nũː↘↗,nũː,nũː,yes,single-word
CONFIG-body_parts-face_head_3s-inf_01_02_TS.xml,CONFIG-body_parts-face_head_3s-inf_01_02_TS.wav,2,2.61,5.03,nuu,nũː↘↗,nũː,nũː,yes,single-word
CONFIG-body_parts-head_chest_01_02_TS.xml,CONFIG-body_parts-head_chest_01_02_TS.wav,1,0,3.50,xinu,tʃi˥nũː↘↗,tʃinũː,t͡ʃinũː,yes,single-word
CONFIG-body_parts-head_chest_01_02_TS.xml,CONFIG-body_parts-head_chest_01_02_TS.wav,2,3.50,6.89,xinu,tʃi˥nũː↘↗,tʃinũː,t͡ʃinũː,yes,single-word
CONFIG-body_parts-head_foot_01_02_TS.xml,CONFIG-body_parts-head_foot_01_02_TS.wav,1,0,4.20,chikuchi,tʃi˥ku↘tʃi↗,tʃikutʃi,t͡ʃikut͡ʃi,yes,single-word
CONFIG-body_parts-head_foot_01_02_TS.xml,CONFIG-body_parts-head_foot_01_02_TS.wav,2,4.20,8.11,chikuchi,tʃi˥k˩utʃi↗ꜜ,tʃikutʃi,t͡ʃikut͡ʃi,yes,single-word
CONFIG-body_parts-nose_eyes_face_3form-all_01_02_TS.xml,CONFIG-body_parts-nose_eyes_face_3form-all_01_02_TS.wav,1,0,4.63,ntuchinuu,du˥tʃi↘n↘↗ũː,dutʃinũː,dut͡ʃinũː,yes,single-word
CONFIG-body_parts-nose_eyes_face_3form-all_01_02_TS.xml,CONFIG-body_parts-nose_eyes_face_3form-all_01_02_TS.wav,2,4.63,9.56,ntuchinuu,du˥ꜜtʃi˩ũː↘↗ꜜ,dutʃiũː,dut͡ʃiũː,yes,single-word
CORP_bone_01_02_03_spkrTS.xml,CORP_bone_01_02_03_spkrTS.wav,1,0,0.76,kiche'e,ki˥ꜜtʃ∙ɛ̰ʔɛ̰˥,kitʃɛ̰ʔɛ̰,kit͡ʃɛʔɛ̰,yes,single-word
CORP_bone_01_02_03_spkrTS.xml,CORP_bone_01_02_03_spkrTS.wav,2,0.76,1.58,kiche'e,ki˥tʃɛ̰∙ʔɛ̰˥ꜜ,kitʃɛ̰ʔɛ̰,kit͡ʃɛʔɛ̰,yes,single-word
CORP_bone_01_02_03_spkrTS.xml,CORP_bone_01_02_03_spkrTS.wav,3,1.58,2.39,kiche'e,ki∙tʃɛ̰∙ʔɛ̰˥,kitʃɛ̰ʔɛ̰,kit͡ʃɛʔɛ̰,yes,single-word
CORP_butt_01_02_03_spkrTS.xml,CORP_butt_01_02_03_spkrTS.wav,1,0,0.88,xicha,ʃi˧tʃa˩,ʃitʃa,ʃit͡ʃa,yes,single-word
CORP_butt_01_02_03_spkrTS.xml,CORP_butt_01_02_03_spkrTS.wav,2,0.88,1.72,xicha,ʃi˧tʃa˩,ʃitʃa,ʃit͡ʃa,yes,single-word
CORP_butt_01_02_03_spkrTS.xml,CORP_butt_01_02_03_spkrTS.wav,3,1.72,2.52,xicha,ʃi˧tʃa˩,ʃitʃa,ʃit͡ʃa,yes,single-word
CORP_ears_01_02_03_spkrTS.xml,CORP_ears_01_02_03_spkrTS.wav,1,0,0.82,so'o,so̰∙ʔo̰↗,so̰ʔo̰,soʔo̰,yes,single-word
CORP_ears_01_02_03_spkrTS.xml,CORP_ears_01_02_03_spkrTS.wav,2,0.82,1.65,so'o,so̰˩ʔo̰˧,so̰ʔo̰,soʔo̰,yes,single-word
CORP_ears_01_02_03_spkrTS.xml,CORP_ears_01_02_03_spkrTS.wav,3,1.65,2.44,so'o,so̰∙ʔo̰↗ꜜ,so̰ʔo̰,soʔo̰,yes,single-word
CORP_eyes_01_02_03_spkrTS.xml,CORP_eyes_01_02_03_spkrTS.wav,1,0,1.30,ntuchinuu,du˧tʃi˥nũː↘↗,dutʃinũː,dut͡ʃinũː,yes,single-word
CORP_eyes_01_02_03_spkrTS.xml,CORP_eyes_01_02_03_spkrTS.wav,2,1.30,2.49,ntuchinuu,d̪u˧tʃi˥nũː↘↗,d̪utʃinũː,d̪ut͡ʃinũː,yes,single-word
CORP_eyes_01_02_03_spkrTS.xml,CORP_eyes_01_02_03_spkrTS.wav,3,2.49,3.71,ntuchinuu,ndu˧tʃi˥nũː↘↗,ndutʃinũː,ndut͡ʃinũː,yes,single-word
CORP_face_01_02_03_spkrTS.xml,CORP_face_01_02_03_spkrTS.wav,1,0,0.65,nuu,nũː↘↗,nũː,nũː,yes,single-word
CORP_face_01_02_03_spkrTS.xml,CORP_face_01_02_03_spkrTS.wav,2,0.65,1.31,nuu,n↘↗ũː,nũː,nũː,yes,single-word
CORP_face_01_02_03_spkrTS.xml,CORP_face_01_02_03_spkrTS.wav,3,1.31,1.92,nuu,nũː↘↗,nũː,nũː,yes,single-word
CORP_head_01_02_03_spkrTS.xml,CORP_head_01_02_03_spkrTS.wav,1,0,1.00,xiní,ʃi↘ni↗,ʃini,ʃini,yes,single-word
CORP_head_01_02_03_spkrTS.xml,CORP_head_01_02_03_spkrTS.wav,2,1.00,1.96,xiní,ʃi↘ꜜni↗,ʃini,ʃini,yes,single-word
CORP_head_01_02_03_spkrTS.xml,CORP_head_01_02_03_spkrTS.wav,3,1.96,2.93,xiní,ʃi˩ni↗,ʃini,ʃini,yes,single-word
CORP_leg-1s_01_02_03_TS.xml,CORP_leg-1s_01_02_03_TS.wav,1,0,1.29,si'i̠n,sḭ̃˧ʔḭ̃F,sḭ̃ʔḭ̃F,sḭ̃ʔḭ̃F,yes,single-word
CORP_leg-1s_01_02_03_TS.xml,CORP_leg-1s_01_02_03_TS.wav,2,1.29,2.46,si'i̠n,sḭ̃˧ꜜʔḭ̃↘,sḭ̃ʔḭ̃,sḭ̃ʔḭ̃,yes,single-word
CORP_leg-1s_01_02_03_TS.xml,CORP_leg-1s_01_02_03_TS.wav,3,2.46,3.47,si'in,sḭ̃˧ꜜʔḭ̃↘,sḭ̃ʔḭ̃,sḭ̃ʔḭ̃,yes,single-word
CORP_leg-3s-inf_01_02_03_TS.xml,CORP_leg-3s-inf_01_02_03_TS.wav,1,0,1.27,si'a,sḭ̃∙ʔa↘,sḭ̃ʔa,sḭ̃ʔa,yes,single-word
CORP_leg-3s-inf_01_02_03_TS.xml,CORP_leg-3s-inf_01_02_03_TS.wav,2,1.27,2.39,si'a,sḭ̃˩ʔaF,sḭ̃ʔaF,sḭ̃ʔaF,yes,single-word
CORP_leg-3s-inf_01_02_03_TS.xml,CORP_leg-3s-inf_01_02_03_TS.wav,3,2.39,3.52,si'a,sḭ̃ʔ˩a↘,sḭ̃ʔa,sḭ̃ʔa,yes,single-word
CORP_leg-3s-inf_01_02_03_TS.xml,CORP_leg-3s-inf_01_02_03_TS.wav,4,3.52,4.46,si'a,sĩ˩ʔa↘,sĩʔa,sĩʔa,yes,single-word
CORP_mouth_01_02_spkrTS.xml,CORP_mouth_01_02_spkrTS.wav,1,0,0.61,yu'u,ju˧ʔu↗,juʔu,juʔu,yes,single-word
CORP_mouth_01_02_spkrTS.xml,CORP_mouth_01_02_spkrTS.wav,2,0.61,1.23,yu'u,ju˧ʔu↗,juʔu,juʔu,yes,single-word
CORP_ribs_01_02_03_spkrTS.xml,CORP_ribs_01_02_03_spkrTS.wav,1,0,0.86,nchika,nʤi˩ka˥,nʤika,nd͡ʒika,yes,single-word
CORP_ribs_01_02_03_spkrTS.xml,CORP_ribs_01_02_03_spkrTS.wav,2,0.86,1.62,nchika,nʤi˩ka↗,nʤika,nd͡ʒika,yes,single-word
CORP_ribs_01_02_03_spkrTS.xml,CORP_ribs_01_02_03_spkrTS.wav,3,1.62,2.48,nchika,nʤi˩ka↗,nʤika,nd͡ʒika,yes,single-word
CORP_ribs_1st_sg_01_02_03_spkrTS.xml,CORP_ribs_1st_sg_01_02_03_spkrTS.wav,1,0,0.74,nchika̠,nʤi∙ka↘,nʤika,nd͡ʒika,yes,single-word
CORP_ribs_1st_sg_01_02_03_spkrTS.xml,CORP_ribs_1st_sg_01_02_03_spkrTS.wav,2,0.74,1.55,nchika̠,nʤi˩kaF,nʤikaF,nd͡ʒikaF,yes,single-word
CORP_ribs_1st_sg_01_02_03_spkrTS.xml,CORP_ribs_1st_sg_01_02_03_spkrTS.wav,3,1.55,2.41,nchika̠,nʤi˩ka↘,nʤika,nd͡ʒika,yes,single-word
CORP_skin_03_05_06_spkrJS.xml,CORP_skin_03_05_06_spkrJS.wav,1,0,0.99,ii,iː↘↗,iː,ii,yes,single-word
CORP_skin_03_05_06_spkrJS.xml,CORP_skin_03_05_06_spkrJS.wav,2,0.99,1.90,ii,iː↘↗,iː,ii,yes,single-word
CORP_skin_03_05_06_spkrJS.xml,CORP_skin_03_05_06_spkrJS.wav,3,1.90,2.68,ii,iː↘↗,iː,ii,yes,single-word
DEM-LOC-PROX_here_01_02_spkrJS.xml,DEM-LOC-PROX_here_01_02_spkrJS.wav,1,0,1.26,ño'o,ɲõ↗ʔõ˩ꜛ,ɲõʔõꜛ,ɲõʔõꜛ,yes,single-word
DEM-LOC-PROX_here_01_02_spkrJS.xml,DEM-LOC-PROX_here_01_02_spkrJS.wav,2,1.26,2.81,ño'o,ɲõ↗ʔõ˩ꜛ,ɲõʔõꜛ,ɲõʔõꜛ,yes,single-word
DEM-LOC_DIST_01_02_spkrJS.xml,DEM-LOC_DIST_01_02_spkrJS.wav,1,0,0.86,ika,i˧ka˥,ika,ika,yes,single-word
DEM-LOC_DIST_01_02_spkrJS.xml,DEM-LOC_DIST_01_02_spkrJS.wav,2,0.86,1.91,ika,i˧ka˥,ika,ika,yes,single-word
DEM_DIST_there_01_02_spkrJS.xml,DEM_DIST_there_01_02_spkrJS.wav,1,0,1.16,ñaka,ɲa↘k̬a↗,ɲak̬a,ɲak̬a,yes,single-word
DEM_DIST_there_01_02_spkrJS.xml,DEM_DIST_there_01_02_spkrJS.wav,2,1.16,2.52,ñaka,ɲa˩k̬a↗,ɲak̬a,ɲak̬a,yes,single-word
DEM_PROX_this_01_02_spkrJS.xml,DEM_PROX_this_01_02_spkrJS.wav,1,0,1.40,yo'o,jo˥ʔo˧,joʔo,joʔo,yes,single-word
DEM_PROX_this_01_02_spkrJS.xml,DEM_PROX_this_01_02_spkrJS.wav,2,1.40,2.79,yo'o,jo˥ʔo˩,joʔo,joʔo,yes,single-word
DGTS_1-10_01_spkrTS.xml,DGTS_1-10_01_spkrTS.wav,1,0.25,0.82,in,ĩː˧,ĩː,ĩː,yes,single-word
DGTS_1-10_01_spkrTS.xml,DGTS_1-10_01_spkrTS.wav,2,0.82,1.47,uvi,o↘βi˩,oβi,oβi,yes,single-word
DGTS_1-10_01_spkrTS.xml,DGTS_1-10_01_spkrTS.wav,3,1.47,2.21,uni,u˩ni˩,uni,uni,yes,single-word
DGTS_1-10_01_spkrTS.xml,DGTS_1-10_01_spkrTS.wav,4,2.21,2.83,kumi,ku˩mi↗,kumi,kumi,yes,single-word
DGTS_1-10_01_spkrTS.xml,DGTS_1-10_01_spkrTS.wav,5,2.83,3.63,u'un,ũ∙ʔm̩̰↘,ũʔm̩̰,ũʔm̩̰,yes,single-word
DGTS_1-10_01_spkrTS.xml,DGTS_1-10_01_spkrTS.wav,6,3.63,4.55,iñu,ĩ˧ɲõ˧,ĩɲõ,ĩɲõ,yes,single-word
DGTS_1-10_01_spkrTS.xml,DGTS_1-10_01_spkrTS.wav,7,4.55,5.52,utsa,u˩tsa↘,utsa,ut͡sa,yes,single-word
DGTS_1-10_01_spkrTS.xml,DGTS_1-10_01_spkrTS.wav,8,5.52,6.33,una,ũ↘na˩,ũna,ũna,yes,single-word
DGTS_1-10_01_spkrTS.xml,DGTS_1-10_01_spkrTS.wav,9,6.33,7.00,iin,i:↘,i:,i:,yes,single-word
DGTS_1-10_01_spkrTS.xml,DGTS_1-10_01_spkrTS.wav,10,7.00,7.77,utsi,u↘tsi↘,utsi,ut͡si,yes,single-word
DGTS_191919191919_01_spkrTS.xml,DGTS_191919191919_01_spkrTS.wav,1,0,7.84,in,ĩː˥,ĩː,ĩː,yes,single-word
DGTS_415-251-1554_01_spkrTS.xml,DGTS_415-251-1554_01_spkrTS.wav,1,0,5.69,kumi,ku↘mi↗,kumi,kumi,yes,single-word
GRT_RESP-hello-how_are_you_inf_01_02_03_TS.xml,GRT_RESP-hello-how_are_you_inf_01_02_03_TS.wav,1,0,1.43,va'a,mba̰ː∙,mba̰ː,mba̰a̰,yes,single-word
GRT_RESP-hello-how_are_you_inf_01_02_03_TS.xml,GRT_RESP-hello-how_are_you_inf_01_02_03_TS.wav,2,1.43,2.64,va'a,ba̰ː˥,ba̰ː,ba̰a̰,yes,single-word
GRT_RESP-hello-how_are_you_inf_01_02_03_TS.xml,GRT_RESP-hello-how_are_you_inf_01_02_03_TS.wav,3,2.64,3.73,va'a,mβa̰ː↘,mβa̰ː,mβa̰a̰,yes,single-word
GRT_hello-how_are_you-form_01_spkrTS.xml,GRT_hello-how_are_you-form_01_spkrTS.wav,1,0,1.03,taku,t̪a˩ku˩,t̪aku,t̪aku,yes,single-word
GRT_hello-how_are_you_inf_02_spkrTS.xml,GRT_hello-how_are_you_inf_02_spkrTS.wav,1,0,0.69,taku,t̪a∙ku↗,t̪aku,t̪aku,yes,single-word
N-LOC_Yucunany_01_TS.xml,N-LOC_Yucunany_01_TS.wav,1,0,0.96,Yucunani,ju˧ku˥na˧ni˩,jukunani,jukunani,yes,single-word
N-V_pain-hurt-JS-TTS.xml,N-V_pain-hurt-JS-TTS.wav,,,,ii,iː↗,iː,ii,yes,single-word
NP-ADJ_short_man_01_02_JS.xml,NP-ADJ_short_man_01_02_JS.wav,1,0,1.95,chaa,tʃaː˩,tʃaː,t͡ʃaa,yes,single-word
NP-ADJ_short_man_01_02_JS.xml,NP-ADJ_short_man_01_02_JS.wav,2,1.95,3.79,chaa,tʃaː˩,tʃaː,t͡ʃaa,yes,single-word
NP-ADJ_tall_woman_01_02_03_JS.xml,NP-ADJ_tall_woman_01_02_03_JS.wav,1,0,1.47,ña'a,ɲã̰ː↗↘,ɲã̰ː,ɲã̰ː,yes,single-word
NP-ADJ_tall_woman_01_02_03_JS.xml,NP-ADJ_tall_woman_01_02_03_JS.wav,2,1.47,3.05,ña'a,ɲã̰ː↗↘,ɲã̰ː,ɲã̰ː,yes,single-word
NP_LOC_river-lake_bed_01_02_03_spkrTS.xml,NP_LOC_river-lake_bed_01_02_03_spkrTS.wav,1,0,0.79,yu'u,ju↗↘,ju,ju,yes,single-word
NP_LOC_river-lake_bed_01_02_03_spkrTS.xml,NP_LOC_river-lake_bed_01_02_03_spkrTS.wav,2,0.79,1.95,yu'u,ju↗↘,ju,ju,yes,single-word
NP_LOC_river-lake_bed_01_02_03_spkrTS.xml,NP_LOC_river-lake_bed_01_02_03_spkrTS.wav,3,1.95,2.98,yu'u,ju↗↘,ju,ju,yes,single-word
NP_a_fat_baby_01_spkrTS.xml,NP_a_fat_baby_01_spkrTS.wav,1,0,1.72,in,ĩː˧,ĩː,ĩː,yes,single-word
NP_a_fat_baby_02_spkrTS.xml,NP_a_fat_baby_02_spkrTS.wav,1,0,1.72,in,ĩː˧,ĩː,ĩː,yes,single-word
NP_new_bird_01_spkrJS.xml,NP_new_bird_01_spkrJS.wav,1,0,1.65,saa,sa:↘,sa:,sa:,yes,single-word
NP_new_bird_02_spkrJS.xml,NP_new_bird_02_spkrJS.wav,1,0,1.65,saa,sa:↘,sa:,sa:,yes,single-word
NP_opening_of_two_mountains_01_02_03_spkrTS.xml,NP_opening_of_two_mountains_01_02_03_spkrTS.wav,1,0.59,1.41,yu'u,ju↘ꜜ,ju,ju,yes,single-word
NP_opening_of_two_mountains_01_02_03_spkrTS.xml,NP_opening_of_two_mountains_01_02_03_spkrTS.wav,2,1.41,2.68,yu'u,ju↘ꜜ,ju,ju,yes,single-word
NP_opening_of_two_mountains_01_02_03_spkrTS.xml,NP_opening_of_two_mountains_01_02_03_spkrTS.wav,3,2.68,3.98,yu'u,ju˩,ju,ju,yes,single-word
NUM_five_01_spkrJS.xml,NUM_five_01_spkrJS.wav,1,0,0.66,u'un,ũ˥ʔũ↘,ũʔũ,ũʔũ,yes,single-word
NUM_five_02_spkrJS.xml,NUM_five_02_spkrJS.wav,1,0,0.72,u'un,ũ∙ʔũ↘,ũʔũ,ũʔũ,yes,single-word
NUM_nine_01_spkrJS.xml,NUM_nine_01_spkrJS.wav,1,0,0.63,iin,iː↘,iː,ii,yes,single-word
NUM_nine_02_spkrJS.xml,NUM_nine_02_spkrJS.wav,1,0,0.63,iin,iː↘,iː,ii,yes,single-word
NUM_nine_04_spkrJS.xml,NUM_nine_04_spkrJS.wav,1,0,0.63,iin,iː↘,iː,ii,yes,single-word
NUM_nine_05_spkrJS.xml,NUM_nine_05_spkrJS.wav,1,0,0.48,iin,↘iː,iː,ii,yes,single-word
NUM_one_01_spkrJS.xml,NUM_one_01_spkrJS.wav,1,0,0.62,in,ĩː˧,ĩː,ĩː,yes,single-word
NUM_one_01_spkrTS.xml,NUM_one_01_spkrTS.wav,1,0,0.66,in,ĩː˧,ĩː,ĩː,yes,single-word
NUM_one_02_spkrJS.xml,NUM_one_02_spkrJS.wav,1,0,0.58,in,ĩː˥,ĩː,ĩː,yes,single-word
NUM_one_05_spkrJS.xml,NUM_one_05_spkrJS.wav,1,0,0.51,in,ĩː˧,ĩː,ĩː,yes,single-word
NUM_one_06_spkrJS.xml,NUM_one_06_spkrJS.wav,1,0,0.51,in,ĩː˧,ĩː,ĩː,yes,single-word
NUM_three_01_spkrTS.xml,NUM_three_01_spkrTS.wav,1,0,0.71,uni,u˩ni˩,uni,uni,yes,single-word
NUM_twenty_twentyone_01_spkrTS.xml,NUM_twenty_twentyone_01_spkrTS.wav,1,0,0.80,oko,o˩ko˩,oko,oko,yes,single-word
NUM_twenty_twentyone_01_spkrTS.xml,NUM_twenty_twentyone_01_spkrTS.wav,2,0.80,1.81,oko,o∙ko˩,oko,oko,yes,single-word
NUM_two_01_spkrTS.xml,NUM_two_01_spkrTS.wav,1,0,0.67,uvi,o↘βi˩,oβi,oβi,yes,single-word
NUM_two_02_spkrJS.xml,NUM_two_02_spkrJS.wav,1,0,0.77,uvi,u˩vi˩,uvi,uvi,yes,single-word
NUM_two_03_spkrJS.xml,NUM_two_03_spkrJS.wav,1,0,0.72,uvi,u˩vi˩,uvi,uvi,yes,single-word
NUM_two_04_spkrJS.xml,NUM_two_04_spkrJS.wav,1,0,0.87,,,,,no,single-word
N_ADJ_green_fish_01_02_03_JS.xml,N_ADJ_green_fish_01_02_03_JS.wav,1,0,1.58,chaka,tʃa˧ka˩,tʃaka,t͡ʃaka,yes,single-word
N_ADJ_green_fish_01_02_03_JS.xml,N_ADJ_green_fish_01_02_03_JS.wav,2,1.58,3.10,chaka,tʃa˧ka˩,tʃaka,t͡ʃaka,yes,single-word
N_ADJ_green_fish_01_02_03_JS.xml,N_ADJ_green_fish_01_02_03_JS.wav,3,3.10,4.57,chaka,tʃa˧ka˧,tʃaka,t͡ʃaka,yes,single-word
N_ADJ_red_flower_01_02_03_JS.xml,N_ADJ_red_flower_01_02_03_JS.wav,1,0,1.65,ita,i˥t̪a↘,it̪a,it̪a,yes,single-word
N_ADJ_red_flower_01_02_03_JS.xml,N_ADJ_red_flower_01_02_03_JS.wav,2,1.65,3.20,ita,i˥t̪a˩,it̪a,it̪a,yes,single-word
N_ADJ_red_flower_01_02_03_JS.xml,N_ADJ_red_flower_01_02_03_JS.wav,3,3.20,4.86,ita,i˥t̪a↘,it̪a,it̪a,yes,single-word
N_LANG_ESP_fancy-language_01_02_03_TS.xml,N_LANG_ESP_fancy-language_01_02_03_TS.wav,1,0,1.80,sa'an,sã̰˩ʔã̰˥,sã̰ʔã̰,sã̰ʔã̰,yes,single-word
N_LANG_ESP_fancy-language_01_02_03_TS.xml,N_LANG_ESP_fancy-language_01_02_03_TS.wav,2,1.80,3.21,sa'an,sã̰ː↘↗,sã̰ː,sã̰ː,yes,single-word
N_LANG_ESP_fancy-language_01_02_03_TS.xml,N_LANG_ESP_fancy-language_01_02_03_TS.wav,3,3.21,4.68,sa'an xchila,sã̰ː↘↗ꜜʃtʃi˥la˩,sã̰ːʃtʃila,sã̰ːʃt͡ʃila,yes,single-word
N_LANG_MIX_poor-language_01_02_03_TS.xml,N_LANG_MIX_poor-language_01_02_03_TS.wav,1,0,2.12,sa'an ntavi,sa̰∙ʔã˥nda˥vi˩,sa̰ʔãndavi,saʔãndavi,yes,single-word
N_LANG_MIX_poor-language_01_02_03_TS.xml,N_LANG_MIX_poor-language_01_02_03_TS.wav,2,2.12,3.30,sa'an ntavi,sã̰∙ʔã˥nda˥vi˩,sã̰ʔãndavi,sã̰ʔãndavi,yes,single-word
N_LANG_MIX_poor-language_01_02_03_TS.xml,N_LANG_MIX_poor-language_01_02_03_TS.wav,3,3.30,4.72,sa'an,sã˩ʔã˥,sãʔã,sãʔã,yes,single-word
N_LOC_Mixtepec_01_spkrJS.xml,N_LOC_Mixtepec_01_spkrJS.wav,1,0,1.08,Xnuviko,ʃnũː ↘↗bi˥ko˥,ʃnũː biko,ʃnũː biko,yes,single-word
N_LOC_Mixtepec_02_spkrJS.xml,N_LOC_Mixtepec_02_spkrJS.wav,2,0,1.08,Xnuviko,ʃnũː˥βi˥ko˥,ʃnũːβiko,ʃnũːβiko,yes,single-word
N_animal_01_02_JS.xml,N_animal_01_02_JS.wav,1,0,0.94,kiti,ki↘t̪i↗,kit̪i,kit̪i,yes,single-word
N_animal_01_02_JS.xml,N_animal_01_02_JS.wav,2,0.94,1.96,kiti,k↘it̪i↗,kit̪i,kit̪i,yes,single-word
N_animal_horse_01_spkrJS.xml,N_animal_horse_01_spkrJS.wav,1,0,0.57,kiti,,,,no,single-word
N_animal_horse_02_spkrJS.xml,N_animal_horse_02_spkrJS.wav,1,0,0.57,kiti,,,,no,single-word
N_animal_horse_1st_pl_01_spkrJS.xml,N_animal_horse_1st_pl_01_spkrJS.wav,1,0,1.14,kiti,ki↘t̪i˩,kit̪i,kit̪i,yes,single-word
N_animal_horse_1st_sg_02_spkrJS.xml,N_animal_horse_1st_sg_02_spkrJS.wav,2,0,0.85,kiti̠,ki↘t̪iːR_F,kit̪iːR_F,kit̪iiR_F,yes,single-word
N_animal_horse_POSS_1st_sg_02_spkrJS.xml,N_animal_horse_POSS_1st_sg_02_spkrJS.wav,1,0,0.79,kiti yu,ki↘t̪↗↘iː,kit̪iː,kit̪ii,yes,single-word
N_bird_01_spkrTS.xml,N_bird_01_spkrTS.wav,1,0,0.60,saa,saːL,saːL,saaL,no,single-word
N_bird_02_spkrTS.xml,N_bird_02_spkrTS.wav,1,0,0.58,saa,saː˩,saː,saa,yes,single-word
N_black_bird_01_TS.xml,N_black_bird_01_TS.wav,1,0,1.15,saa,sa:↘,sa:,sa:,yes,single-word
N_blood_01_spkrJS.xml,N_blood_01_spkrJS.wav,1,0,0.93,niin,nĩː↗,nĩː,nĩː,yes,single-word
N_blood_02_spkrJS.xml,N_blood_02_spkrJS.wav,1,0,0.84,niin,nĩː↗,nĩː,nĩː,yes,single-word
N_booger_03_spkrJS.xml,N_booger_03_spkrJS.wav,1,0,0.78,la'la,la˩ʔla˩,laʔla,laʔla,yes,single-word
N_booger_04_spkrJS.xml,N_booger_04_spkrJS.wav,1,0,0.78,la'la,la˩ʔla˩,laʔla,laʔla,yes,single-word
N_bull_01_02_JS.xml,N_bull_01_02_JS.wav,1,0,1.05,stiki,sti↘ki↗,stiki,stiki,yes,single-word
N_bull_01_02_JS.xml,N_bull_01_02_JS.wav,2,1.05,2.10,stiki,sti↘ki↗,stiki,stiki,yes,single-word
N_cactus-javi_01_02_03_JS.xml,N_cactus-javi_01_02_03_JS.wav,1,0,0.72,javi,ja↘v↗i,javi,javi,yes,single-word
N_cactus-javi_01_02_03_JS.xml,N_cactus-javi_01_02_03_JS.wav,2,0.72,1.49,javi,ja↘vi↗,javi,javi,yes,single-word
N_cactus-javi_01_02_03_JS.xml,N_cactus-javi_01_02_03_JS.wav,3,1.49,2.40,javi,ja↘vi↗,javi,javi,yes,single-word
N_cat_04_JS.xml,N_cat_04_JS.wav,1,0,0.77,vilu,βi˥luː˥,βiluː,βiluu,yes,single-word
N_chicken_01_02_spkrTS.xml,N_chicken_01_02_spkrTS.wav,1,0,0.68,chuun,tʃũː↘↗,tʃũː,t͡ʃũː,yes,single-word
N_chicken_01_02_spkrTS.xml,N_chicken_01_02_spkrTS.wav,2,0.68,1.36,chuun,tʃũː↘↗,tʃũː,t͡ʃũː,yes,single-word
N_chicken_01_TS.xml,N_chicken_01_TS.wav,1,0,0.59,chuun,,,,no,single-word
N_chicken_1st_pl_02_spkrJS.xml,N_chicken_1st_pl_02_spkrJS.wav,1,0,1.00,chuun,tʃũː↘↗,tʃũː,t͡ʃũː,yes,single-word
N_child_01_02_03_JS.xml,N_child_01_02_03_JS.wav,1,0,0.82,suluu,su˥luː˥,suluː,suluu,yes,single-word
N_child_01_02_03_JS.xml,N_child_01_02_03_JS.wav,2,0.82,1.64,suluu,su˥luː˥,suluː,suluu,yes,single-word
N_child_01_02_03_JS.xml,N_child_01_02_03_JS.wav,3,1.64,2.48,suluu,su˥l˥uː,suluː,suluu,yes,single-word
N_child_baby_01_spkrTS.xml,N_child_baby_01_spkrTS.wav,1,0,0.81,suluu,"sul˥
                     ˥u:","sul
                     u:","sul
                     u:",yes,single-word
N_child_baby_02_spkrTS.xml,N_child_baby_02_spkrTS.wav,1,0,0.80,suluu,su˥lu:˥ꜜ,sulu:,sulu:,yes,single-word
N_cloud_01_spkrJS.xml,N_cloud_01_spkrJS.wav,1,0,0.92,viko,ᵐbḭ˩ko↗,ᵐbḭko,ᵐbḭko,yes,single-word
N_cloud_02_spkrJS.xml,N_cloud_02_spkrJS.wav,1,0,0.73,viko,ᵐb˩iko↗,ᵐbiko,ᵐbiko,yes,single-word
N_coffee_01_02_TS.xml,N_coffee_01_02_TS.wav,1,0,0.65,kafé,ka˩fɛ˥,kafɛ,kafɛ,yes,single-word
N_coffee_01_02_TS.xml,N_coffee_01_02_TS.wav,2,0.65,1.51,kafé,ka˩fɛ˥ꜜ,kafɛ,kafɛ,yes,single-word
N_corn_uncooked_01_spkrJS.xml,N_corn_uncooked_01_spkrJS.wav,1,0,0.73,nii,nĩː↘↗,nĩː,nĩː,yes,single-word
N_corn_uncooked_02_spkrJS.xml,N_corn_uncooked_02_spkrJS.wav,1,0,0.77,,,,,no,single-word
N_crow_01_TS.xml,N_crow_01_TS.wav,1,0,0.85,tikaka,t̪i˩ka˩ka˥,t̪ikaka,t̪ikaka,yes,single-word
N_day_01_02_spkrJS.xml,N_day_01_02_spkrJS.wav,1,0,0.99,kii,kiː↘↗,kiː,kii,yes,single-word
N_day_01_02_spkrJS.xml,N_day_01_02_spkrJS.wav,2,0.99,2.27,kii,kiː↘↗,kiː,kii,yes,single-word
N_day_01_spkrTS.xml,N_day_01_spkrTS.wav,1,0,0.63,<li k i:_R >lf,kiː↗,kiː,kii,yes,single-word
N_day_02_spkrTS.xml,N_day_02_spkrTS.wav,1,0,0.69,kii,kiː↗,kiː,kii,yes,single-word
N_door_01_02_03_spkrTS.xml,N_door_01_02_03_spkrTS.wav,1,0,0.94,ye'e,jɛ↗ʔɛ↘,jɛʔɛ,jɛʔɛ,yes,single-word
N_door_01_02_03_spkrTS.xml,N_door_01_02_03_spkrTS.wav,2,0.94,1.87,ye'e,jɛ↗ʔɛ↘,jɛʔɛ,jɛʔɛ,yes,single-word
N_door_01_02_03_spkrTS.xml,N_door_01_02_03_spkrTS.wav,3,1.87,2.73,ye'e,jɛ↗ʔɛ↘,jɛʔɛ,jɛʔɛ,yes,single-word
N_dust_dirt_01_02_03_spkrTS.xml,N_dust_dirt_01_02_03_spkrTS.wav,1,0,0.92,yaka,ja↗ka↘,jaka,jaka,yes,single-word
N_dust_dirt_01_02_03_spkrTS.xml,N_dust_dirt_01_02_03_spkrTS.wav,2,0.92,1.90,yaka,ja↗ka↘,jaka,jaka,yes,single-word
N_dust_dirt_01_02_03_spkrTS.xml,N_dust_dirt_01_02_03_spkrTS.wav,3,1.90,2.87,yaka,ja↗ka↘,jaka,jaka,yes,single-word
N_fire_01_spkrJS.xml,N_fire_01_spkrJS.wav,1,0,1.17,ñu'un,ɲũ˥ʔõ↘,ɲũʔõ,ɲũʔõ,yes,single-word
N_fruit_01_spkrJS.xml,N_fruit_01_spkrJS.wav,1,0,0.54,kui'i,kwi˧ʔi↗,kwiʔi,kwiʔi,yes,single-word
N_fruit_1pl_01_JS.xml,N_fruit_1pl_01_JS.wav,1,0,1.02,kui'i,kwi˧ʔi˥ꜜ,kwiʔi,kwiʔi,yes,single-word
N_fruit_1st_sg_01_spkrJS.xml,N_fruit_1st_sg_01_spkrJS.wav,1,0,0.68,kui'i,kwḭ↘ʔi↗↘,kwḭʔi,kwiʔi,yes,single-word
N_fruit_1st_sg_02_spkrJS.xml,N_fruit_1st_sg_02_spkrJS.wav,2,0,0.68,kui'i̠,kwḭ˥ʔiːR_F,kwḭʔiːR_F,kwiʔiiR_F,yes,single-word
N_hail_01_spkrJS.xml,N_hail_01_spkrJS.wav,1,0,0.64,iin,ĩː˥,ĩː,ĩː,yes,single-word
N_hawk_01_TS.xml,N_hawk_01_TS.wav,1,0,0.83,xi'an,ʃĩ˥ʔãː↘,ʃĩʔãː,ʃĩʔãː,yes,single-word
N_heart_01_spkrTS.xml,N_heart_01_spkrTS.wav,1,0,0.61,ana,a˥na↘,ana,ana,yes,single-word
N_heart_02_spkrTS.xml,N_heart_02_spkrTS.wav,1,0,0.60,ana,a˥ꜜna↘,ana,ana,yes,single-word
N_holy_water_01_spkrTS.xml,N_holy_water_01_spkrTS.wav,1,0,1.47,chikuii,ʧi∙kwi↗,ʧikwi,t͡ʃikwi,yes,single-word
N_holy_water_02_spkrTS.xml,N_holy_water_02_spkrTS.wav,2,0,1.47,chikuii,ʧkwi↗,ʧkwi,t͡ʃkwi,yes,single-word
N_honey_01_02_03_TS.xml,N_honey_01_02_03_TS.wav,1,0,0.86,ntuxi,nd̪u∙ʃi˩,nd̪uʃi,nd̪uʃi,yes,single-word
N_honey_01_02_03_TS.xml,N_honey_01_02_03_TS.wav,2,0.86,1.67,ntuxi,nd̪u˩ʃi˩,nd̪uʃi,nd̪uʃi,yes,single-word
N_honey_01_02_03_TS.xml,N_honey_01_02_03_TS.wav,3,1.67,2.69,ntuxi,nd̪u∙ʃi˩,nd̪uʃi,nd̪uʃi,yes,single-word
N_husband_02_spkrJS.xml,N_husband_02_spkrJS.wav,1,0,0.64,iin,ĩː↘↗,ĩː,ĩː,yes,single-word
N_husband_03_spkrJS.xml,N_husband_03_spkrJS.wav,1,0,0.64,iin,ĩː↘↗,ĩː,ĩː,yes,single-word
N_husband_05_spkrJS.xml,N_husband_05_spkrJS.wav,1,0,0.64,iin,iː↘↗,iː,ii,yes,single-word
N_husband_06_spkrJS.xml,N_husband_06_spkrJS.wav,1,0,0.51,iin,ĩː↘↗,ĩː,ĩː,yes,single-word
N_husband_pl_01_spkrJS.xml,N_husband_pl_01_spkrJS.wav,1,0,1.08,kue,we˧,we,we,yes,single-word
N_mint-herb_01_02_03_TS.xml,N_mint-herb_01_02_03_TS.wav,1,0,1.45,minu,mi↘nu˥,minu,minu,yes,single-word
N_mint-herb_01_02_03_TS.xml,N_mint-herb_01_02_03_TS.wav,2,1.45,2.95,minu,mi↘nu˥,minu,minu,yes,single-word
N_mint-herb_01_02_03_TS.xml,N_mint-herb_01_02_03_TS.wav,3,2.95,4.90,minu,mi˩nu↗,minu,minu,yes,single-word
N_mixtec_people_01_02_03_TS.xml,N_mixtec_people_01_02_03_TS.wav,1,0,1.35,se'e,se↘ʔɛ↗,seʔɛ,seʔɛ,yes,single-word
N_mixtec_people_01_02_03_TS.xml,N_mixtec_people_01_02_03_TS.wav,2,1.35,2.62,se'e,sḛ∙ʔɛ̰↗,sḛʔɛ̰,seʔɛ̰,yes,single-word
N_mixtec_people_01_02_03_TS.xml,N_mixtec_people_01_02_03_TS.wav,3,2.62,3.82,se'e,sḛ↘ʔɛ↗,sḛʔɛ,seʔɛ,yes,single-word
N_mother_01_spkrJS.xml,N_mother_01_spkrJS.wav,1,0,0.82,maa,maː˧,maː,maa,yes,single-word
N_mother_02_spkrTS.xml,N_mother_02_spkrTS.wav,1,0,0.47,maa,mãː˧,mãː,mãː,yes,single-word
N_mother_03_spkrTS.xml,N_mother_03_spkrTS.wav,1,0,0.47,maa,mãː˧,mãː,mãː,yes,single-word
N_mother_1st_sg_01_spkrTS.xml,N_mother_1st_sg_01_spkrTS.wav,1,0,2.18,maa,mãː˧,mãː,mãː,yes,single-word
N_mother_1st_sg_02_spkrTS.xml,N_mother_1st_sg_02_spkrTS.wav,1,0,0.64,maa,mãː˧,mãː,mãː,yes,single-word
N_mother_POSS_2nd_sg_form_01_02.xml,N_mother_POSS_2nd_sg_form_01_02.wav,1,0,1.20,maa,maː˧,maː,maa,yes,single-word
N_mother_POSS_2nd_sg_form_01_02.xml,N_mother_POSS_2nd_sg_form_01_02.wav,2,1.20,2.39,maa,maː˧,maː,maa,yes,single-word
N_mother_POSS_2nd_sg_inf_01_02.xml,N_mother_POSS_2nd_sg_inf_01_02.wav,1,0,1.23,maa,maː˧,maː,maa,yes,single-word
N_mother_POSS_2nd_sg_inf_01_02.xml,N_mother_POSS_2nd_sg_inf_01_02.wav,2,1.23,2.47,maa,maː˧,maː,maa,yes,single-word
N_mourning_dove_01_TS.xml,N_mourning_dove_01_TS.wav,1,0,0.91,lakuku,la˩ku˥ku˧˥,lakuku,lakuku,yes,single-word
N_mud_01_02_03_spkrTS.xml,N_mud_01_02_03_spkrTS.wav,1,0,0.79,ncha'i,ndʒa˩ʔi˩,ndʒaʔi,nd͡ʒaʔi,yes,single-word
N_mud_01_02_03_spkrTS.xml,N_mud_01_02_03_spkrTS.wav,2,0.79,1.91,ncha'i,ndʒa˩ʔi˩,ndʒaʔi,nd͡ʒaʔi,yes,single-word
N_mud_01_02_03_spkrTS.xml,N_mud_01_02_03_spkrTS.wav,3,1.91,2.87,ncha'i,ndʒa∙ʔi˩,ndʒaʔi,nd͡ʒaʔi,yes,single-word
N_nothing_01_spkrTS.xml,N_nothing_01_spkrTS.wav,1,0,0.65,koo,kɔː↘,kɔː,kɔɔ,yes,single-word
N_owl_01_TS.xml,N_owl_01_TS.wav,1,0,0.75,chumi,ʧu↘mi↗,ʧumi,t͡ʃumi,yes,single-word
N_parrot_01_02_TS.xml,N_parrot_01_02_TS.wav,1,0,1.18,loro,loː↗ro↘,loːro,looro,yes,single-word
N_parrot_01_02_TS.xml,N_parrot_01_02_TS.wav,2,1.18,2.55,loro,loː↗↘ꜜro,loːro,looro,yes,single-word
N_peach_02_spkrJS.xml,N_peach_02_spkrJS.wav,1,0,0.43,nche'e,nʤɛ̰˧ʔɛ̰↗,nʤɛ̰ʔɛ̰,nd͡ʒɛʔɛ̰,yes,single-word
N_people_children_offspring_01_02_TS.xml,N_people_children_offspring_01_02_TS.wav,1,0,0.89,se'e,sɛ̰∙ʔɛ↘,sɛ̰ʔɛ,sɛʔɛ,yes,single-word
N_people_children_offspring_01_02_TS.xml,N_people_children_offspring_01_02_TS.wav,2,0.89,1.77,se'e,sɛ̰∙ʔɛ↘,sɛ̰ʔɛ,sɛʔɛ,yes,single-word
N_rabbit_1pl_01_JS.xml,N_rabbit_1pl_01_JS.wav,1,0,1.36,salurru,sa˥luː˥ꜛru↘,saluːꜛru,saluuꜛru,yes,single-word
N_rooster_01_TS.xml,N_rooster_01_TS.wav,1,0,0.64,to'lo,to˥ʔlo˩,toʔlo,toʔlo,yes,single-word
N_saa_savi_01_spkrFS.xml,N_saa_savi_01_spkrFS.wav,1,0,0.82,sa'an,sãː↗,sãː,sãː,yes,single-word
N_salt_01_02_03_05_06_JS.xml,N_salt_01_02_03_05_06_JS.wav,1,0,0.66,iin,,,,no,single-word
N_salt_01_02_03_05_06_JS.xml,N_salt_01_02_03_05_06_JS.wav,2,0.66,1.56,iin,ĩː↗,ĩː,ĩː,yes,single-word
N_salt_01_02_03_05_06_JS.xml,N_salt_01_02_03_05_06_JS.wav,3,1.56,2.24,iin,ĩː↗,ĩː,ĩː,yes,single-word
N_salt_01_02_03_05_06_JS.xml,N_salt_01_02_03_05_06_JS.wav,4,2.24,2.96,iin,iː↗,iː,ii,yes,single-word
N_salt_01_02_03_05_06_JS.xml,N_salt_01_02_03_05_06_JS.wav,5,2.96,3.93,iin,ĩː↗,ĩː,ĩː,yes,single-word
N_scrub_jay_01_TS.xml,N_scrub_jay_01_TS.wav,1,0,0.69,kuilu,kwɪ↗li˧,kwɪli,kwɪli,yes,single-word
N_sister_01_02_JS.xml,N_sister_01_02_JS.wav,1,0,0.71,kua'a,kwa↘ʔa↗,kwaʔa,kwaʔa,yes,single-word
N_sister_01_02_JS.xml,N_sister_01_02_JS.wav,2,0.71,1.42,kua'a,,,,no,single-word
N_skin_05_JS.xml,N_skin_05_JS.wav,1,0,0.54,iin,,,,no,single-word
N_star_01_02_TS.xml,N_star_01_02_TS.wav,1,0,0.65,chuun,tʃũː↘,tʃũː,t͡ʃũː,yes,single-word
N_star_01_02_TS.xml,N_star_01_02_TS.wav,2,0.65,1.30,chuun,tʃũː↘,tʃũː,t͡ʃũː,yes,single-word
N_sun_02_JS.xml,N_sun_02_JS.wav,1,0,1.08,nikanchii,ni˩ka˩ndʒiː↘↗,nikandʒiː,nikand͡ʒii,yes,single-word
N_sun_02_spkrJS.xml,N_sun_02_spkrJS.wav,1,0,1.08,nikanchii,ni˩k˩andʒiː↘↗,nikandʒiː,nikand͡ʒii,yes,single-word
N_swallow_01_TS.xml,N_swallow_01_TS.wav,1,0,0.86,tixikua,ti˩ʃi˩kwa↗,tiʃikwa,tiʃikwa,yes,single-word
N_tail_feather_01_02_spkrJS.xml,N_tail_feather_01_02_spkrJS.wav,1,0,1.89,tumi,d̪u↘mi↗,d̪umi,d̪umi,yes,single-word
N_tail_feather_01_02_spkrJS.xml,N_tail_feather_01_02_spkrJS.wav,2,1.89,3.78,tumi,d̪u↘mi↗ꜜ,d̪umi,d̪umi,yes,single-word
N_tongue_01_spkrJS.xml,N_tongue_01_spkrJS.wav,1,0,0.89,jaa,jaː↘↗,jaː,jaa,yes,single-word
N_tongue_02_spkrJS.xml,N_tongue_02_spkrJS.wav,1,0,0.64,jaa,jaː↘↗,jaː,jaa,yes,single-word
N_turkey_f_01_TS.xml,N_turkey_f_01_TS.wav,1,0,0.85,koni,ko˥ni˥,koni,koni,yes,single-word
N_turkey_m_01_TS.xml,N_turkey_m_01_TS.wav,1,0,0.81,kolo,ko˥lo˥,kolo,kolo,yes,single-word
N_vulcher_01_TS.xml,N_vulcher_01_TS.wav,1,0,0.91,lochi,lo˥ʧi˥,loʧi,lot͡ʃi,yes,single-word
N_woodpecker_01_TS.xml,N_woodpecker_01_TS.wav,1,0,0.83,taka,t̬a↗ka↘,t̬aka,t̬aka,yes,single-word
PRON_1pl_excl_01_02_JS.xml,PRON_1pl_excl_01_02_JS.wav,1,0,1.66,meeko,meː˧ɣo↗,meːɣo,meeɣo,yes,single-word
PRON_1pl_excl_01_02_JS.xml,PRON_1pl_excl_01_02_JS.wav,2,1.66,3.32,meeko,meː˧ɣo↗,meːɣo,meeɣo,yes,single-word
PRON_1pl_incl_JS.xml,PRON_1pl_incl_JS.wav,1,0,1.24,meekue,meː˩we˧,meːwe,meewe,yes,single-word
PRON_1s_01_JS.xml,PRON_1s_01_JS.wav,1,0,0.56,mee,mɛː↗,mɛː,mɛɛ,yes,single-word
PRON_2pl_all_01_02_JS.xml,PRON_2pl_all_01_02_JS.wav,1,0,1.75,meekue yu,meː↗we˧ju↗,meːweju,meeweju,yes,single-word
PRON_2pl_all_01_02_JS.xml,PRON_2pl_all_01_02_JS.wav,2,1.75,3.51,meekue yu,meː↗we˧ju↗,meːweju,meeweju,yes,single-word
PRON_2s_form_01_JS.xml,PRON_2s_form_01_JS.wav,1,0,0.31,ni,ni↗,ni,ni,yes,single-word
PRON_2s_inf_02_JS.xml,PRON_2s_inf_02_JS.wav,1,0,0.68,meu,me:˧ũ↗,me:ũ,me:ũ,yes,single-word
PRON_3pl_form_01_02_JS.xml,PRON_3pl_form_01_02_JS.wav,1,0,1.26,naká,na˩k̬a↗,nak̬a,nak̬a,yes,single-word
PRON_3pl_form_01_02_JS.xml,PRON_3pl_form_01_02_JS.wav,2,1.26,2.52,naká,na˩k̬a↗,nak̬a,nak̬a,yes,single-word
PRON_3s_f_inf_01_02_JS.xml,PRON_3s_f_inf_01_02_JS.wav,1,0,1.66,ñáká,ɲa˧ꜛk̬a˥,ɲaꜛk̬a,ɲaꜛk̬a,yes,single-word
PRON_3s_f_inf_01_02_JS.xml,PRON_3s_f_inf_01_02_JS.wav,2,1.66,3.31,ñáká,ɲa˧k̬a˥,ɲak̬a,ɲak̬a,yes,single-word
PRON_3s_m_inf_01_02_JS.xml,PRON_3s_m_inf_01_02_JS.wav,1,0,1.43,chaká,tʃaˑ↘k̬a↗,tʃaˑk̬a,t͡ʃaˑk̬a,yes,single-word
PRON_3s_m_inf_01_02_JS.xml,PRON_3s_m_inf_01_02_JS.wav,2,1.43,2.86,chaká,tʃa↘ꜜk̬a˥ꜜ,tʃak̬a,t͡ʃak̬a,yes,single-word
PRP_across_01_spkrJS.xml,PRP_across_01_spkrJS.wav,1,0,1.45,inka,ĩ˥ŋgaː˩,ĩŋgaː,ĩŋgaa,yes,single-word
PRP_across_02_spkrJS.xml,PRP_across_02_spkrJS.wav,2,0,1.36,inka,ŋ˥k̬↘aː,ŋk̬aː,ŋk̬aa,yes,single-word
PRP_across_03_spkrJS.xml,PRP_across_03_spkrJS.wav,1,0,1.35,inka,ĩː˥ŋgaː˩,ĩːŋgaː,ĩːŋgaa,yes,single-word
P_five_chicken_eggs_01_spkrJS.xml,P_five_chicken_eggs_01_spkrJS.wav,1,0,1.83,u'un,ũ∙ʔm̹↘,ũʔm̹,ũʔm̹,yes,single-word
P_new_heart_01_spkrTS.xml,P_new_heart_01_spkrTS.wav,1,0,1.08,ana,a∙na↘,ana,ana,yes,single-word
P_nine_husbands_01_spkrJS.xml,P_nine_husbands_01_spkrJS.wav,1,0,1.38,iin,iː↘,iː,ii,yes,single-word
P_nine_husbands_02_spkrJS.xml,P_nine_husbands_02_spkrJS.wav,1,0,1.48,iin,ĩː↘,ĩː,ĩː,yes,single-word
P_that_thin_green_fruit_01_spkrJS.xml,P_that_thin_green_fruit_01_spkrJS.wav,1,0,3.77,iki,i˧ki˩,iki,iki,yes,single-word
P_that_thin_green_fruit_02_spkrJS.xml,P_that_thin_green_fruit_02_spkrJS.wav,1,0,3.02,iki,i˧k˥i,iki,iki,yes,single-word
P_thin_green_fruit_1st_sg_01_spkrJS.xml,P_thin_green_fruit_1st_sg_01_spkrJS.wav,1,0,3.70,iki,i˧ki˥,iki,iki,yes,single-word
P_thin_green_fruit_1st_sg_02_spkrJS.xml,P_thin_green_fruit_1st_sg_02_spkrJS.wav,1,0,3.70,iki,i˧k↗i,iki,iki,yes,single-word
QNTY_all_everything_01_02_03_spkrTS.xml,QNTY_all_everything_01_02_03_spkrTS.wav,1,0,1.22,nti'i,nd̪i↗ʔ↘i,nd̪iʔi,nd̪iʔi,yes,single-word
QNTY_all_everything_01_02_03_spkrTS.xml,QNTY_all_everything_01_02_03_spkrTS.wav,2,1.22,2.39,nti'i,nd̪i↗ʔi↘,nd̪iʔi,nd̪iʔi,yes,single-word
QNTY_all_everything_01_02_03_spkrTS.xml,QNTY_all_everything_01_02_03_spkrTS.wav,3,2.39,3.54,nti'i,nd̪i˥ʔi↘,nd̪iʔi,nd̪iʔi,yes,single-word
QNTY_everyone_01_02_03_spkrTS.xml,QNTY_everyone_01_02_03_spkrTS.wav,1,0,1.13,nti'i,nd̪i˥ʔi↘,nd̪iʔi,nd̪iʔi,yes,single-word
QNTY_everyone_01_02_03_spkrTS.xml,QNTY_everyone_01_02_03_spkrTS.wav,2,1.13,2.21,nti'i,nd̪i↗ʔi↘,nd̪iʔi,nd̪iʔi,yes,single-word
QNTY_everyone_01_02_03_spkrTS.xml,QNTY_everyone_01_02_03_spkrTS.wav,3,2.21,3.26,nti'i,nd̪i˥ʔi↘,nd̪iʔi,nd̪iʔi,yes,single-word
QNTY_few_01_02_03_TS.xml,QNTY_few_01_02_03_TS.wav,1,0,0.72,xoo,ʃoː↘↗,ʃoː,ʃoo,yes,single-word
QNTY_few_01_02_03_TS.xml,QNTY_few_01_02_03_TS.wav,2,0.72,1.48,xoo,ʃoː↘↗ꜜ,ʃoː,ʃoo,yes,single-word
QNTY_few_01_02_03_TS.xml,QNTY_few_01_02_03_TS.wav,3,1.48,2.30,xoo,ʃoː↘↗ꜜ,ʃoː,ʃoo,yes,single-word
QNTY_nobody_01_02_03_spkrTS.xml,QNTY_nobody_01_02_03_spkrTS.wav,1,0,0.87,koo,koː↗,koː,koo,yes,single-word
QNTY_nobody_01_02_03_spkrTS.xml,QNTY_nobody_01_02_03_spkrTS.wav,2,0.87,1.79,koo,koː↗,koː,koo,yes,single-word
QNTY_nobody_01_02_03_spkrTS.xml,QNTY_nobody_01_02_03_spkrTS.wav,3,1.79,2.83,koo,koː↗,koː,koo,yes,single-word
QNTY_none-nothing_01_02_03_spkrTS.xml,QNTY_none-nothing_01_02_03_spkrTS.wav,1,0,0.83,niña'a,ni˧ɲa̰∙ʔa↗ꜜ,niɲa̰ʔa,niɲaʔa,yes,single-word
QNTY_none-nothing_01_02_03_spkrTS.xml,QNTY_none-nothing_01_02_03_spkrTS.wav,2,0.83,1.85,niña'a,ni˧ɲa̰∙ʔa↗ꜜ,niɲa̰ʔa,niɲaʔa,yes,single-word
QNTY_none-nothing_01_02_03_spkrTS.xml,QNTY_none-nothing_01_02_03_spkrTS.wav,3,1.85,2.81,niña'a,ni˧ɲa˩ʔa↗ꜜ,niɲaʔa,niɲaʔa,yes,single-word
Q_do_you_inf_see_me_RESP_yes_I_see_you_inf_01_02_spkrTS.xml,Q_do_you_inf_see_me_RESP_yes_I_see_you_inf_01_02_spkrTS.wav,1,0,1.99,aan,ãː↘,ãː,ãː,yes,single-word
Q_do_you_inf_see_me_RESP_yes_I_see_you_inf_01_02_spkrTS.xml,Q_do_you_inf_see_me_RESP_yes_I_see_you_inf_01_02_spkrTS.wav,2,1.99,3.98,aan,ãː↘,ãː,ãː,yes,single-word
SET_days_of_the_week_01_02_TS.xml,SET_days_of_the_week_01_02_TS.wav,1,0,1.21,lonix,lo↗ni↘ʃ,loniʃ,loniʃ,yes,single-word
SET_days_of_the_week_01_02_TS.xml,SET_days_of_the_week_01_02_TS.wav,2,1.21,2.66,marstix,ma˧rsti∙ʃ,marstiʃ,marstiʃ,yes,single-word
SET_days_of_the_week_01_02_TS.xml,SET_days_of_the_week_01_02_TS.wav,3,2.66,4.06,merkolix,mɛ∙rko∙lɪ∙ʃ,mɛrkolɪʃ,mɛrkolɪʃ,yes,single-word
SET_days_of_the_week_01_02_TS.xml,SET_days_of_the_week_01_02_TS.wav,4,4.06,5.16,huevix,we↗↘ꜜviʃ,weviʃ,weviʃ,yes,single-word
SET_days_of_the_week_01_02_TS.xml,SET_days_of_the_week_01_02_TS.wav,5,5.16,6.22,viernix,vj∙erni˩ʃ,vjerniʃ,vjerniʃ,yes,single-word
SET_days_of_the_week_01_02_TS.xml,SET_days_of_the_week_01_02_TS.wav,6,6.22,6.99,suetu,swe∙t̪o˩,swet̪o,swet̪o,yes,single-word
SET_days_of_the_week_01_02_TS.xml,SET_days_of_the_week_01_02_TS.wav,7,6.99,8.29,dominko,do˩mi˥ŋgo∙,domiŋgo,domiŋgo,yes,single-word
SET_days_of_the_week_01_02_TS.xml,SET_days_of_the_week_01_02_TS.wav,8,8.29,10.07,lonix,lo↗ni↘ʃ,loniʃ,loniʃ,yes,single-word
SET_days_of_the_week_01_02_TS.xml,SET_days_of_the_week_01_02_TS.wav,9,10.07,11.10,marstix,ma↗rsti∙ʃ,marstiʃ,marstiʃ,yes,single-word
SET_days_of_the_week_01_02_TS.xml,SET_days_of_the_week_01_02_TS.wav,10,11.10,12.05,merkolix,me˥rko∙li∙ʃ,merkoliʃ,merkoliʃ,yes,single-word
SET_days_of_the_week_01_02_TS.xml,SET_days_of_the_week_01_02_TS.wav,11,12.05,12.96,huevix,we˥vi↘ʃ,weviʃ,weviʃ,yes,single-word
SET_days_of_the_week_01_02_TS.xml,SET_days_of_the_week_01_02_TS.wav,12,12.96,14.17,viernix,vje↗rni↘ʃ,vjerniʃ,vjerniʃ,yes,single-word
SET_days_of_the_week_01_02_TS.xml,SET_days_of_the_week_01_02_TS.wav,13,14.17,15.06,suetu,swe˥t̪u↘,swet̪u,swet̪u,yes,single-word
SET_days_of_the_week_01_02_TS.xml,SET_days_of_the_week_01_02_TS.wav,14,15.06,16.85,dominko,d̪o˧mi˥ŋgo↘,d̪omiŋgo,d̪omiŋgo,yes,single-word
SOC_good_bye_01_02_03_spkrTS.xml,SOC_good_bye_01_02_03_spkrTS.wav,1,0,1.17,sana,sa↘na˥,sana,sana,yes,single-word
SOC_good_bye_01_02_03_spkrTS.xml,SOC_good_bye_01_02_03_spkrTS.wav,2,1.17,2.60,sana,sa↘ꜜna↗,sana,sana,yes,single-word
SOC_good_bye_01_02_03_spkrTS.xml,SOC_good_bye_01_02_03_spkrTS.wav,3,2.60,3.94,sana,s↘ana↗,sana,sana,yes,single-word
SOC_thank_you_form_01_02_spkrTS.xml,SOC_thank_you_form_01_02_spkrTS.wav,1,0,1.01,tatsa'vi,t̬̪a˩tsa̰∙ʔvi↘,t̬̪atsa̰ʔvi,t̬̪at͡saʔvi,yes,single-word
SOC_thank_you_form_01_02_spkrTS.xml,SOC_thank_you_form_01_02_spkrTS.wav,2,1.01,2.01,tatsa'vi,t̬a˩tsa̰∙ʔvi↗,t̬atsa̰ʔvi,t̬at͡saʔvi,yes,single-word
SOC_thank_you_inf_01_02_spkrTS.xml,SOC_thank_you_inf_01_02_spkrTS.wav,1,0,1.15,tatsa'vo,t̬a˩tsa̰∙ʔv↗o,t̬atsa̰ʔvo,t̬at͡saʔvo,yes,single-word
SOC_thank_you_inf_01_02_spkrTS.xml,SOC_thank_you_inf_01_02_spkrTS.wav,2,1.15,2.30,tatsa'vo,t̬̪a˩tsa̰˥ʔvo↗,t̬̪atsa̰ʔvo,t̬̪at͡saʔvo,yes,single-word
S_ARVL-HM_my_brothers_are_coming_home_01_02_03_04_TS.xml,S_ARVL-HM_my_brothers_are_coming_home_01_02_03_04_TS.wav,1,0,1.36,vatsi,βa˥↘tsi˩,βatsi,βat͡si,yes,single-word
S_ARVL-HM_my_brothers_are_coming_home_01_02_03_04_TS.xml,S_ARVL-HM_my_brothers_are_coming_home_01_02_03_04_TS.wav,2,1.36,2.86,vatsi,βa˥ꜜ↘tsi↘,βatsi,βat͡si,yes,single-word
S_ARVL-HM_my_brothers_are_coming_home_01_02_03_04_TS.xml,S_ARVL-HM_my_brothers_are_coming_home_01_02_03_04_TS.wav,4,4.23,5.77,vatsia,βa˥tsi↘,βatsi,βat͡si,yes,single-word
S_ARVL_approaching_fast_3s_inf_01_02_03_TS.xml,S_ARVL_approaching_fast_3s_inf_01_02_03_TS.wav,1,0,3.56,tsa'an,tsãː˥,tsãː,t͡sãː,yes,single-word
S_ARVL_approaching_fast_3s_inf_01_02_03_TS.xml,S_ARVL_approaching_fast_3s_inf_01_02_03_TS.wav,2,3.56,5.67,tsa'an,tsãː↘↗↘,tsãː,t͡sãː,yes,single-word
S_ARVL_approaching_fast_3s_inf_01_02_03_TS.xml,S_ARVL_approaching_fast_3s_inf_01_02_03_TS.wav,3,5.67,8.27,tsa'a,tsaː˧,tsaː,t͡saa,yes,single-word
S_ARVL_approaching_very_slowly_01_02_03_TS.xml,S_ARVL_approaching_very_slowly_01_02_03_TS.wav,2,2.84,4.64,kueen,kwẽː↗↘,kwẽː,kwẽː,yes,single-word
S_ATRB_be_siblings_Pablo_Maria_1st_sg_02_spkrTS.xml,S_ATRB_be_siblings_Pablo_Maria_1st_sg_02_spkrTS.wav,1,0,3.53,ña,ɲã↘,ɲã,ɲã,yes,single-word
S_ATRB_mother_1st_pl_excl_name_Herminia_01_spkrTS.xml,S_ATRB_mother_1st_pl_excl_name_Herminia_01_spkrTS.wav,1,0,2.57,maa,maː˥,maː,maa,yes,single-word
S_ATRB_that_man_be_PRS_bad_01_spkrTS.xml,S_ATRB_that_man_be_PRS_bad_01_spkrTS.wav,1,0,1.30,<ui J a_F,ɲa↘,ɲa,ɲa,yes,single-word
S_ATTRB_1s_teacher_also_01_02_03_TS.xml,S_ATTRB_1s_teacher_also_01_02_03_TS.wav,1,0,2.05,mee,mɛː↗,mɛː,mɛɛ,yes,single-word
S_ATTRB_Pablo_and_Maria_are_teachers_01_TS.xml,S_ATTRB_Pablo_and_Maria_are_teachers_01_TS.wav,2,0,3.70,Maria,ma˩ɾia˥˧,maɾia,maɾia,yes,single-word
S_ATTRB_grampas_hat_is_nice_01_02_TS.xml,S_ATTRB_grampas_hat_is_nice_01_02_TS.wav,1,0,3.12,che'e,tʃɛ̰ː↘↗,tʃɛ̰ː,t͡ʃɛ̰ɛ̰,yes,single-word
S_ATTRB_grampas_hat_is_nice_01_02_TS.xml,S_ATTRB_grampas_hat_is_nice_01_02_TS.wav,2,3.12,5.56,che'e,tʃɛ̰ː↘,tʃɛ̰ː,t͡ʃɛ̰ɛ̰,yes,single-word
S_ATTRB_now_she-grandmother_is_old_01_02_TS.xml,S_ATTRB_now_she-grandmother_is_old_01_02_TS.wav,1,0,1.47,vichi,vi↘tʃi↗,vitʃi,vit͡ʃi,yes,single-word
S_ATTRB_now_she-grandmother_is_old_01_02_TS.xml,S_ATTRB_now_she-grandmother_is_old_01_02_TS.wav,2,1.47,2.62,vichi,vi↘tʃ˥i,vitʃi,vit͡ʃi,yes,single-word
S_ATTRB_pants_1s_are_blue_01_02_TS.xml,S_ATTRB_pants_1s_are_blue_01_02_TS.wav,1,0,2.12,satu,sa˧t̪u˥,sat̪u,sat̪u,yes,single-word
S_ATTRB_pants_1s_are_blue_01_02_TS.xml,S_ATTRB_pants_1s_are_blue_01_02_TS.wav,2,2.12,4.83,satu,sa↗ꜜt̪u˩,sat̪u,sat̪u,yes,single-word
S_ATTRB_shirt_2nd_sg_inf_be_PRS_black_01_spkrTS.xml,S_ATTRB_shirt_2nd_sg_inf_be_PRS_black_01_spkrTS.wav,1,0,2.08,ña,ɲaː↘,ɲaː,ɲaa,yes,single-word
S_ATTRB_sibling_pl_1st_sg_be_PRS_older_than_1st_sg_02_spkrTS.xml,S_ATTRB_sibling_pl_1st_sg_be_PRS_older_than_1st_sg_02_spkrTS.wav,1,0,2.75,ñani,ɲa↘n↗i,ɲani,ɲani,yes,single-word
S_ATTRB_siblings_1s_are_teachers_01_02_TS.xml,S_ATTRB_siblings_1s_are_teachers_01_02_TS.wav,1,0,3.72,ña,ɲaː↘,ɲaː,ɲaa,yes,single-word
S_ATTRB_siblings_1s_are_teachers_01_02_TS.xml,S_ATTRB_siblings_1s_are_teachers_01_02_TS.wav,2,3.72,6.60,ña,ɲaː↘,ɲaː,ɲaa,yes,single-word
S_ATTRB_siblings_1s_are_teachers_now_01_02_TS.xml,S_ATTRB_siblings_1s_are_teachers_now_01_02_TS.wav,1,0,3.19,ña,ɲaː↘,ɲaː,ɲaa,yes,single-word
S_ATTRB_siblings_1s_are_teachers_now_01_02_TS.xml,S_ATTRB_siblings_1s_are_teachers_now_01_02_TS.wav,2,3.19,6.68,ña,ɲaː↘,ɲaː,ɲaa,yes,single-word
S_CLS1_they_got_maried_and_CLS2_have_3rd_pl_kids_01_spkrTS.xml,S_CLS1_they_got_maried_and_CLS2_have_3rd_pl_kids_01_spkrTS.wav,1,0,2.54,sana,sa˥n˧a,sana,sana,yes,single-word
S_CMND_come_home_with_me_01_02_03_spkrTS.xml,S_CMND_come_home_with_me_01_02_03_spkrTS.wav,1,0,1.17,na,na↗ no˥ʔo↘↗,na noʔo,na noʔo,yes,single-word
S_CMND_come_home_with_me_01_02_03_spkrTS.xml,S_CMND_come_home_with_me_01_02_03_spkrTS.wav,2,1.17,2.32,na,na↗,na,na,yes,single-word
S_CMND_come_home_with_me_01_02_03_spkrTS.xml,S_CMND_come_home_with_me_01_02_03_spkrTS.wav,3,2.32,3.52,na,na˥,na,na,yes,single-word
S_CMND_come_to_work_with_me_01_02_03_spkrTS.xml,S_CMND_come_to_work_with_me_01_02_03_spkrTS.wav,1,0,1.72,nako'o,na˥ko˥ʔo˩,nakoʔo,nakoʔo,yes,single-word
S_CMND_come_to_work_with_me_01_02_03_spkrTS.xml,S_CMND_come_to_work_with_me_01_02_03_spkrTS.wav,2,1.72,3.34,na,na˥ko̰ː↘,nako̰ː,nako̰o̰,yes,single-word
S_CMND_come_to_work_with_me_01_02_03_spkrTS.xml,S_CMND_come_to_work_with_me_01_02_03_spkrTS.wav,3,3.34,4.93,na,nako̰ː,nako̰ː,nako̰o̰,no,single-word
S_CMND_eat_this_tortilla_then_go_01_02_spkrTS.xml,S_CMND_eat_this_tortilla_then_go_01_02_spkrTS.wav,1,0,2.10,katsi,ka↘tsi,katsi,kat͡si,yes,single-word
S_CMND_eat_this_tortilla_then_go_01_02_spkrTS.xml,S_CMND_eat_this_tortilla_then_go_01_02_spkrTS.wav,2,2.10,4.61,katsi,ka↘tsi,katsi,kat͡si,yes,single-word
S_CMND_go_home_with_Pedro_01_02_03_spkrTS.xml,S_CMND_go_home_with_Pedro_01_02_03_spkrTS.wav,1,0,1.62,kuanu'u,kwa↗nu˥ʔu˩,kwanuʔu,kwanuʔu,yes,single-word
S_CMND_go_home_with_Pedro_01_02_03_spkrTS.xml,S_CMND_go_home_with_Pedro_01_02_03_spkrTS.wav,2,1.62,3.45,kuanu'u,kwa↗n↘ũʔũ↘,kwanũʔũ,kwanũʔũ,yes,single-word
S_CMND_go_home_with_Pedro_01_02_03_spkrTS.xml,S_CMND_go_home_with_Pedro_01_02_03_spkrTS.wav,3,3.45,5.15,kuanu'u,kwa↘n↗ũʔũ↘,kwanũʔũ,kwanũʔũ,yes,single-word
S_CMND_go_to_work_with_Pedro_01_02_03_spkrTS.xml,S_CMND_go_to_work_with_Pedro_01_02_03_spkrTS.wav,1,0,1.91,kua'an,kw˥↘ãː,kwãː,kwãː,yes,single-word
S_CMND_go_to_work_with_Pedro_01_02_03_spkrTS.xml,S_CMND_go_to_work_with_Pedro_01_02_03_spkrTS.wav,2,1.91,3.67,kua'an,kwã̰˥ʔã̰˩,kwã̰ʔã̰,kwã̰ʔã̰,yes,single-word
S_CMND_go_to_work_with_Pedro_01_02_03_spkrTS.xml,S_CMND_go_to_work_with_Pedro_01_02_03_spkrTS.wav,3,3.67,5.43,kua'an,kwã̰ː↘,kwã̰ː,kwã̰ː,yes,single-word
S_CMND_look_at_Maria_01_02_03_TS.xml,S_CMND_look_at_Maria_01_02_03_TS.wav,1,0,2.14,kuun,kuː↘,kuː,kuu,yes,single-word
S_CMND_look_at_Maria_01_02_03_TS.xml,S_CMND_look_at_Maria_01_02_03_TS.wav,2,2.14,4.24,<ui k u:_F,k↘uː,kuː,kuu,yes,single-word
S_CMND_look_at_Maria_01_02_03_TS.xml,S_CMND_look_at_Maria_01_02_03_TS.wav,3,4.24,6.07,<ui k u:_F,k↘uː,kuː,kuu,yes,single-word
S_CMND_look_at_Maria_she_works_very_hard_01_02_03_TS.xml,S_CMND_look_at_Maria_she_works_very_hard_01_02_03_TS.wav,1,0,4.41,kuu,kuː↘n,kuːn,kuun,yes,single-word
S_CMND_look_at_Maria_she_works_very_hard_01_02_03_TS.xml,S_CMND_look_at_Maria_she_works_very_hard_01_02_03_TS.wav,2,4.41,6.94,kuu,kuː↘,kuː,kuu,yes,single-word
S_CMND_look_at_Maria_she_works_very_hard_01_02_03_TS.xml,S_CMND_look_at_Maria_she_works_very_hard_01_02_03_TS.wav,3,6.94,9.73,kuu,kuː↘,kuː,kuu,yes,single-word
S_CMND_look_at_Marias_face-look_at_Maria_01_02_03_TS.xml,S_CMND_look_at_Marias_face-look_at_Maria_01_02_03_TS.wav,1,0,1.50,kuu,kuː↘,kuː,kuu,yes,single-word
S_CMND_look_at_Marias_face-look_at_Maria_01_02_03_TS.xml,S_CMND_look_at_Marias_face-look_at_Maria_01_02_03_TS.wav,2,1.50,3.41,kuu,ku↘,ku,ku,yes,single-word
S_CMND_look_at_Marias_face-look_at_Maria_01_02_03_TS.xml,S_CMND_look_at_Marias_face-look_at_Maria_01_02_03_TS.wav,3,3.41,5.35,kuu,ku↘n,kun,kun,yes,single-word
S_CMND_look_into_my_eyes_01_02_03_TS.xml,S_CMND_look_into_my_eyes_01_02_03_TS.wav,1,1.31,3.06,kuu,k↘uː,kuː,kuu,yes,single-word
S_CMND_look_into_my_eyes_01_02_03_TS.xml,S_CMND_look_into_my_eyes_01_02_03_TS.wav,2,3.06,5.08,kuu,kuː↘ꜜn,kuːn,kuun,yes,single-word
S_CMND_look_into_my_eyes_01_02_03_TS.xml,S_CMND_look_into_my_eyes_01_02_03_TS.wav,3,5.08,7.50,kuu,k↘uː,kuː,kuu,yes,single-word
S_CMND_take_DET_PROX_moon_01_spkrJS.xml,S_CMND_take_DET_PROX_moon_01_spkrJS.wav,1,0,2.23,yo'o,jo↗ʔo˧,joʔo,joʔo,yes,single-word
S_CMND_take_the_lamb_from_the_water_because_hes_drowning_01_02_TS.xml,S_CMND_take_the_lamb_from_the_water_because_hes_drowning_01_02_TS.wav,1,0,3.29,tava,d̪˥ava˩,d̪ava,d̪ava,yes,single-word
S_CMND_take_the_lamb_from_the_water_because_hes_drowning_01_02_TS.xml,S_CMND_take_the_lamb_from_the_water_because_hes_drowning_01_02_TS.wav,2,3.29,6.39,tava,d̪a↘v∙a,d̪ava,d̪ava,yes,single-word
S_CMND_walk_backwards_01_02_03_TS.xml,S_CMND_walk_backwards_01_02_03_TS.wav,1,0,1.22,kaka,ka↘ka↘,kaka,kaka,yes,single-word
S_CMND_walk_backwards_01_02_03_TS.xml,S_CMND_walk_backwards_01_02_03_TS.wav,2,1.22,2.35,kaka,ka↘ka↘,kaka,kaka,yes,single-word
S_CMND_walk_backwards_01_02_03_TS.xml,S_CMND_walk_backwards_01_02_03_TS.wav,3,2.35,3.45,kaka,ka˩ka˩,kaka,kaka,yes,single-word
S_DEC_rain_COMPL_last_night_03_spkrTS.xml,S_DEC_rain_COMPL_last_night_03_spkrTS.wav,1,0,2.34,ni,n↘i,ni,ni,yes,single-word
S_DEC_rain_FUT_tomorrow_03_spkrTS.xml,S_DEC_rain_FUT_tomorrow_03_spkrTS.wav,1,0,2.25,kuukuun,kuː↘kũː↘,kuːkũː,kuukũː,yes,single-word
S_EQTV_be_teachers_1st_pl_incl_sister_1st_sg_brother_1st_sg_1st_01_sg_spkrTS.xml,S_EQTV_be_teachers_1st_pl_incl_sister_1st_sg_brother_1st_sg_1st_01_sg_spkrTS.wav,1,0,5.18,kua'a,kwaː↗↘,kwaː,kwaa,yes,single-word
S_I_am_happy_01_02_TS.xml,S_I_am_happy_01_02_TS.wav,1,0,1.50,kuacha,kwa˥tʃa˥,kwatʃa,kwat͡ʃa,yes,single-word
S_I_am_happy_01_02_TS.xml,S_I_am_happy_01_02_TS.wav,2,1.50,3.20,kuacha,kwa˥tʃa˥,kwatʃa,kwat͡ʃa,yes,single-word
S_I_am_not_eating_breakfast_right_now_Im_reading_a_book_01_spkrTS.xml,S_I_am_not_eating_breakfast_right_now_Im_reading_a_book_01_spkrTS.wav,1,0,3.58,kue,kwe˩,kwe,kwe,yes,single-word
S_I_ate_bread_and_cheese_for_breakfast_this_morning_01_spkrTS.xml,S_I_ate_bread_and_cheese_for_breakfast_this_morning_01_spkrTS.wav,1,0,2.99,tsisini,tsi˩tsi˥ni↘,tsitsini,t͡sit͡sini,yes,single-word
S_I_eat_food_every_morning_01_02_03_TS.xml,S_I_eat_food_every_morning_01_02_03_TS.wav,1,0,2.03,tsitsa'an yu,tsi˧tsa˥ʔã↘,tsitsaʔã,t͡sit͡saʔã,yes,single-word
S_I_eat_food_every_morning_01_02_03_TS.xml,S_I_eat_food_every_morning_01_02_03_TS.wav,2,2.03,3.47,tsitsa'an yu,tsi˧tsã̰ː˥˩,tsitsã̰ː,t͡sit͡sã̰ː,yes,single-word
S_I_eat_food_every_morning_01_02_03_TS.xml,S_I_eat_food_every_morning_01_02_03_TS.wav,3,3.47,5.53,tsitsa'an yu,tsi˧tsa˥ʔã˩,tsitsaʔã,t͡sit͡saʔã,yes,single-word
S_I_left_before_my_sister-my_sister_left_after_I_left_01_02_TS.xml,S_I_left_before_my_sister-my_sister_left_after_I_left_01_02_TS.wav,1,0,2.91,xina,ʃi˥na,ʃina,ʃina,yes,single-word
S_I_stepped_on_a_scorpion_01_02_TS.xml,S_I_stepped_on_a_scorpion_01_02_TS.wav,1,0,1.75,tsa'i,tsã̰ḭ˩˧,tsã̰ḭ,t͡sã̰ḭ,yes,single-word
S_I_want_to_wear_his_shoes_01_02_TS.xml,S_I_want_to_wear_his_shoes_01_02_TS.wav,1,0,2.41,kuni,ku˥ni˧,kuni,kuni,yes,single-word
S_I_was_going_to_school_yesterday_when_I_fell_down_01_spkrTS.xml,S_I_was_going_to_school_yesterday_when_I_fell_down_01_spkrTS.wav,1,0,3.85,kuun,kuː˥ꜛ,kuːꜛ,kuuꜛ,yes,single-word
S_I_will_give_money_01_JS.xml,S_I_will_give_money_01_JS.wav,1,0,1.48,kuun,ũ↗,ũ,ũ,yes,single-word
S_I_will_give_money_to_Jack_01_JS.xml,S_I_will_give_money_to_Jack_01_JS.wav,1,0,2.55,kunkua'a,ũ˥gwã↘ʔã˩,ũgwãʔã,ũgwãʔã,yes,single-word
S_I_will_not_give_money_01_JS.xml,S_I_will_not_give_money_01_JS.wav,1,0,1.69,ma kuun,ŋ˩,ŋ,ŋ,yes,single-word
S_I_will_not_give_money_02_JS.xml,S_I_will_not_give_money_02_JS.wav,1,0,1.05,ma kuun,ŋ ˩,ŋ ,ŋ ,yes,single-word
S_I_will_not_give_money_to_Jack_02_JS.xml,S_I_will_not_give_money_to_Jack_02_JS.wav,1,0,2.17,ma kuun,↘,,,yes,single-word
S_LOC_I_am_in_the_wilderness_01_02_TS.xml,S_LOC_I_am_in_the_wilderness_01_02_TS.wav,1,0,1.59,nuu,nũː↘↗,nũː,nũː,yes,single-word
S_LOC_I_am_in_the_wilderness_01_02_TS.xml,S_LOC_I_am_in_the_wilderness_01_02_TS.wav,2,1.59,3.41,nuu,nũː↗,nũː,nũː,yes,single-word
S_LOC_friend_1s_inside_01_02_03_TS.xml,S_LOC_friend_1s_inside_01_02_03_TS.wav,3,3.76,5.33,ini,i˧ni˩,ini,ini,yes,single-word
S_LOC_the_clouds_are_high-up_01_02_03_TS.xml,S_LOC_the_clouds_are_high-up_01_02_03_TS.wav,1,0,2.38,suku,su˥ku↘,suku,suku,yes,single-word
S_MTN-ARVL_2s_inf_is_coming_01_02_03_TS.xml,S_MTN-ARVL_2s_inf_is_coming_01_02_03_TS.wav,1,0,0.77,vatsia,βa˩tsia˥˩,βatsia,βat͡sia,yes,single-word
S_MTN-HM_1_pl_exl_are_going_home_01_02_03_TS.xml,S_MTN-HM_1_pl_exl_are_going_home_01_02_03_TS.wav,3,2.76,4.29,kuanu'u,kwa˧nũ˧ʔũ˥,kwanũʔũ,kwanũʔũ,yes,single-word
S_MTN-HM_3sg_inf_arrive_at_home_here_01_02_03_TS.xml,S_MTN-HM_3sg_inf_arrive_at_home_here_01_02_03_TS.wav,1,0,1.87,tsantitsa'ai,tsa̰ː˥↘nd̪˥itsai˧˩,tsa̰ːnd̪itsai,t͡sa̰a̰nd̪it͡sai,yes,single-word
S_MTN_3rd_sg_inf_is_going_to_work_01_02_TS.xml,S_MTN_3rd_sg_inf_is_going_to_work_01_02_TS.wav,1,0,1.55,kuun,kũː˥,kũː,kũː,yes,single-word
S_MTN_3s_inf_was_in_Yucanani_then_went_to_Mixtepec_01_02_03_TS.xml,S_MTN_3s_inf_was_in_Yucanani_then_went_to_Mixtepec_01_02_03_TS.wav,2,3.68,7.07,Yucunani,ju∙k˥una↗ni,jukunani,jukunani,yes,single-word
S_MTN_I_am_walking_through_the_forest_01_02_03_TS.xml,S_MTN_I_am_walking_through_the_forest_01_02_03_TS.wav,3,3.92,5.58,ma'in,ma↗ʔĩ˥↘,maʔĩ,maʔĩ,yes,single-word
S_MTN_I_passed_over_the_bridge_01_02_03_TS.xml,S_MTN_I_passed_over_the_bridge_01_02_03_TS.wav,1,0,2.14,tsani ya'a yu,tsa˥ni˩ja∙ʔa˩,tsanijaʔa,t͡sanijaʔa,yes,single-word
S_MTN_dog_walk_towards_children_01_02_TS.xml,S_MTN_dog_walk_towards_children_01_02_TS.wav,1,0,2.77,tsika,tsi˩ka˥,tsika,t͡sika,yes,single-word
S_MTN_dog_walk_towards_children_01_02_TS.xml,S_MTN_dog_walk_towards_children_01_02_TS.wav,2,2.77,5.78,tsika,tsi˩ka˥,tsika,t͡sika,yes,single-word
S_MTN_dogs_walk_PROG_away-from_eachother_01_02_03_TS.xml,S_MTN_dogs_walk_PROG_away-from_eachother_01_02_03_TS.wav,1,0,1.63,iin,ĩː˥ꜜ,ĩː,ĩː,yes,single-word
S_MTN_the_elders_are_coming_01_02_03_TS.xml,S_MTN_the_elders_are_coming_01_02_03_TS.wav,3,3.49,5.09,vatsi,βa˩tsi˥,βatsi,βat͡si,yes,single-word
S_MTN_the_elders_are_returning_01_02_03_TS.xml,S_MTN_the_elders_are_returning_01_02_03_TS.wav,3,3.50,5.44,ntanchiko,ⁿt̪a˧ndʒ˥iko˥,ⁿt̪andʒiko,ⁿt̪and͡ʒiko,yes,single-word
S_MTN_the_elders_come_here_03_04_TS.xml,S_MTN_the_elders_come_here_03_04_TS.wav,2,2.02,4.63,kitsi,ki˥tsi↘,kitsi,kit͡si,yes,single-word
S_MTN_the_goat_jumped_over_the_armadillo_01_02_03_TS.xml,S_MTN_the_goat_jumped_over_the_armadillo_01_02_03_TS.wav,1,0,3.25,ni,ni˩,ni,ni,yes,single-word
S_MTN_walk_then_go_left_then_go_right_01_02_03_TS.xml,S_MTN_walk_then_go_left_then_go_right_01_02_03_TS.wav,1,0,4.57,kua'an,kã˥ʔã↘,kãʔã,kãʔã,yes,single-word
S_QNTY_few_people_ate_01_02_03_TS.xml,S_QNTY_few_people_ate_01_02_03_TS.wav,1,0,1.49,xoona,ʃoː↘↗na↘,ʃoːna,ʃoona,yes,single-word
S_QNTY_few_people_ate_01_02_03_TS.xml,S_QNTY_few_people_ate_01_02_03_TS.wav,3,3.34,4.57,xoona,ʃoː↘↗na˩,ʃoːna,ʃoona,yes,single-word
S_QNTY_nobody_went_3rd_sg_form_home_01_spkrTS.xml,S_QNTY_nobody_went_3rd_sg_form_home_01_spkrTS.wav,1,0,1.80,koona,koː↘↗n˥a,koːna,koona,yes,single-word
S_Q_I_heard_your_car_broke_down_ANS_yes_it_did_01_JS.xml,S_Q_I_heard_your_car_broke_down_ANS_yes_it_did_01_JS.wav,1,0,1.76,aan,aː˧,aː,aa,yes,single-word
S_Q_I_heard_your_car_broke_down_ANS_yes_it_did_02_JS.xml,S_Q_I_heard_your_car_broke_down_ANS_yes_it_did_02_JS.wav,1,0,1.64,aan,ãː˩,ãː,ãː,yes,single-word
S_Q_WH-what_happened_to_your_car_2s_inf_02_JS.xml,S_Q_WH-what_happened_to_your_car_2s_inf_02_JS.wav,2,0,2.10,nchii,nʤiː↘,nʤiː,nd͡ʒii,yes,single-word
S_Q_WH_TEMP_what_time_want_2nd_sg_V_eat_01_02_03_TS.xml,S_Q_WH_TEMP_what_time_want_2nd_sg_V_eat_01_02_03_TS.wav,3,4.32,6.39,nchi ora,ndʒi˥o↗ra↘,ndʒiora,nd͡ʒiora,yes,single-word
S_Q_WH_who_read_a_book_COMPL_01_JS.xml,S_Q_WH_who_read_a_book_COMPL_01_JS.wav,1,0,2.16,ana,ã˥nã↘,ãnã,ãnã,yes,single-word
S_Q_Y-N_is_it_raining_01_spkrTS.xml,S_Q_Y-N_is_it_raining_01_spkrTS.wav,1,0,1.09,A,a∙,a,a,yes,single-word
S_Q_Y-N_is_it_raining_02_spkrTS.xml,S_Q_Y-N_is_it_raining_02_spkrTS.wav,1,0,1.21,A,a˥,a,a,yes,single-word
S_Q_Y-N_speak_2nd_sg_inf2_saa_savi_ANS_AFRM_speak_1st_sg_saa_savi_01_spkrTS.xml,S_Q_Y-N_speak_2nd_sg_inf2_saa_savi_ANS_AFRM_speak_1st_sg_saa_savi_01_spkrTS.wav,1,0,1.60,aan,ãː˧,ãː,ãː,yes,single-word
S_Q_do_you_inf_see_me_01_02_spkrTS.xml,S_Q_do_you_inf_see_me_01_02_spkrTS.wav,1,0,1.19,a,a↘,a,a,yes,single-word
S_Q_do_you_inf_see_me_01_02_spkrTS.xml,S_Q_do_you_inf_see_me_01_02_spkrTS.wav,2,1.19,2.37,a,a↘,a,a,yes,single-word
S_Q_do_you_inf_see_yourself_ANS_NEG_no_I_dont_see_myself_01_02_spkrTS.xml,S_Q_do_you_inf_see_yourself_ANS_NEG_no_I_dont_see_myself_01_02_spkrTS.wav,1,0,1.86,a'an,ãː˥ʔã˥,ãːʔã,ãːʔã,yes,single-word
S_Q_do_you_inf_see_yourself_ANS_yes_I_see_myself_01_02_spkrTS.xml,S_Q_do_you_inf_see_yourself_ANS_yes_I_see_myself_01_02_spkrTS.wav,1,0,1.34,aan,ãː˥,ãː,ãː,yes,single-word
S_Q_do_you_speak_saa_savi_01_02_spkrTS.xml,S_Q_do_you_speak_saa_savi_01_02_spkrTS.wav,1,0,1.65,a,a˩,a,a,yes,single-word
S_Q_do_you_speak_saa_savi_01_02_spkrTS.xml,S_Q_do_you_speak_saa_savi_01_02_spkrTS.wav,2,1.65,3.30,a,a∙,a,a,yes,single-word
S_Q_do_you_speak_saa_savi_ANS_NEG2_I_dont_speak_saa_savi_01_02_spkrTS.xml,S_Q_do_you_speak_saa_savi_ANS_NEG2_I_dont_speak_saa_savi_01_02_spkrTS.wav,1,0,1.59,kuee,kwe˥,kwe,kwe,yes,single-word
S_Q_do_you_speak_saa_savi_ANS_NEG_I_dont_speak_saa_savi_01_02_spkrTS.xml,S_Q_do_you_speak_saa_savi_ANS_NEG_I_dont_speak_saa_savi_01_02_spkrTS.wav,1,0,2.10,a'an,ã˧ʔã↗↘,ãʔã,ãʔã,yes,single-word
S_Q_do_you_speak_saa_savi_ANS_yes_I_speak_saa_savi_01_02_spkrTS.xml,S_Q_do_you_speak_saa_savi_ANS_yes_I_speak_saa_savi_01_02_spkrTS.wav,1,0,1.67,aan,ãː˧,ãː,ãː,yes,single-word
S_Q_is_it_sunny_today_02_TS.xml,S_Q_is_it_sunny_today_02_TS.wav,1,0,1.67,a,a˥,a,a,yes,single-word
S_Q_what_did_the_boys_eat_01_spkrTS.xml,S_Q_what_did_the_boys_eat_01_spkrTS.wav,1,0,1.98,nchii,ʤi↘,ʤi,d͡ʒi,yes,single-word
S_Q_what_happened_02_spkrTS.xml,S_Q_what_happened_02_spkrTS.wav,1,0,0.91,nchi,nʤiː↘ꜛ,nʤiːꜛ,nd͡ʒiiꜛ,yes,single-word
S_Q_where_did_Claudia_eat_02_spkrTS.xml,S_Q_where_did_Claudia_eat_02_spkrTS.wav,1,0,2.32,nchii,ndʒiː˥,ndʒiː,nd͡ʒii,yes,single-word
S_Q_who_killed_who_01_spkrTS.xml,S_Q_who_killed_who_01_spkrTS.wav,1,0,1.65,ana,a˥na↘,ana,ana,yes,single-word
S_Q_who_killed_who_02_spkrTS.xml,S_Q_who_killed_who_02_spkrTS.wav,1,0,1.93,ana,a˧na˥,ana,ana,yes,single-word
S_Q_who_read_a_book_02_spkrJS.xml,S_Q_who_read_a_book_02_spkrJS.wav,1,0,2.29,ana,a˥na˩,ana,ana,yes,single-word
S_STV_there_is_nothing_01_02_03_TS.xml,S_STV_there_is_nothing_01_02_03_TS.wav,2,1.58,3.01,nia,ni↗ꜜ,ni,ni,yes,single-word
S_TEMP_2nd_sg_inf_arrive_early_01_02_03_spkrTS.xml,S_TEMP_2nd_sg_inf_arrive_early_01_02_03_spkrTS.wav,1,0,1.15,na'a,na↗ʔa↘,naʔa,naʔa,yes,single-word
S_TEMP_SML_arrive_1st_pl_01_02_03_spkrTS.xml,S_TEMP_SML_arrive_1st_pl_01_02_03_spkrTS.wav,1,0,1.07,in,ĩː˥,ĩː,ĩː,yes,single-word
S_TEMP_leave_1st_sg_now_01_02_spkrTS.xml,S_TEMP_leave_1st_sg_now_01_02_spkrTS.wav,1,0,2.45,michuni,mi↘tʃ˥uni˩,mitʃuni,mit͡ʃuni,yes,single-word
S_be-unhappy_worried_1s_01_02_TS.xml,S_be-unhappy_worried_1s_01_02_TS.wav,1,0,2.10,ntakanini,nd̪a˥ka˥nĩ˥nĩ↘,nd̪akanĩnĩ,nd̪akanĩnĩ,yes,single-word
S_be-unhappy_worried_1s_01_02_TS.xml,S_be-unhappy_worried_1s_01_02_TS.wav,2,2.10,4.13,ntakanini,nd̪a˥kanini↘,nd̪akanini,nd̪akanini,yes,single-word
S_boil_3pl_form_f_the_meat_01_02_TS.xml,S_boil_3pl_form_f_the_meat_01_02_TS.wav,1,0,1.37,skiti,ski˥ꜜt̪i˧,skit̪i,skit̪i,yes,single-word
S_chop_1s_yams_today_01_02_JS.xml,S_chop_1s_yams_today_01_02_JS.wav,1,0,1.98,skuachi̠,skwa˥tʃiF,skwatʃiF,skwat͡ʃiF,yes,single-word
S_chop_1s_yams_today_01_02_JS.xml,S_chop_1s_yams_today_01_02_JS.wav,2,1.98,3.95,skuachi̠,skwa˥tʃi↘,skwatʃi,skwat͡ʃi,yes,single-word
S_chop_1st_sg_Fut_yams_01_spkrJS.xml,S_chop_1st_sg_Fut_yams_01_spkrJS.wav,1,0,1.29,kuun,kũ˥,kũ,kũ,yes,single-word
S_climb_CMPL_the_little_kid_LOC_on_the_rock_01_02_03_TS.xml,S_climb_CMPL_the_little_kid_LOC_on_the_rock_01_02_03_TS.wav,1,0,2.83,ni,ni˩,ni,ni,yes,single-word
S_climb_CMPL_the_little_kid_LOC_on_the_rock_01_02_03_TS.xml,S_climb_CMPL_the_little_kid_LOC_on_the_rock_01_02_03_TS.wav,2,2.83,5.12,ni,ni˩,ni,ni,yes,single-word
S_climb_CMPL_the_little_kid_LOC_on_the_rock_01_02_03_TS.xml,S_climb_CMPL_the_little_kid_LOC_on_the_rock_01_02_03_TS.wav,3,5.12,8.03,ni,ni˩,ni,ni,yes,single-word
S_cockroach_beLOC_under_the_table_01_02_03_TS.xml,S_cockroach_beLOC_under_the_table_01_02_03_TS.wav,1,0,3.89,titsi,d̪i˩tsi˥,d̪itsi,d̪it͡si,yes,single-word
S_cockroach_beLOC_under_the_table_01_02_03_TS.xml,S_cockroach_beLOC_under_the_table_01_02_03_TS.wav,2,3.89,6.77,titsi,d̪i˩tsi˥ꜜ,d̪itsi,d̪it͡si,yes,single-word
S_cockroach_beLOC_under_the_table_01_02_03_TS.xml,S_cockroach_beLOC_under_the_table_01_02_03_TS.wav,3,6.77,11.01,titsi,d̪i˩tsi˥,d̪itsi,d̪it͡si,yes,single-word
S_cross-3sinf_the_river_tomorrow_01_02_03_TS.xml,S_cross-3sinf_the_river_tomorrow_01_02_03_TS.wav,3,6.47,8.47,kuni,ku↘ni˧,kuni,kuni,yes,single-word
S_cross-3sinf_the_river_yesterday_01_02_03_TS.xml,S_cross-3sinf_the_river_yesterday_01_02_03_TS.wav,2,3.38,5.77,ni,ni˩,ni,ni,yes,single-word
S_cross_3s_inf_the_river_everyday_01_02_TS.xml,S_cross_3s_inf_the_river_everyday_01_02_TS.wav,1,0.10,2.72,ya'i,ja˥ʔi↘,jaʔi,jaʔi,yes,single-word
S_eat_1s_FUT_beans_tomorrow_01_02_03_TS.xml,S_eat_1s_FUT_beans_tomorrow_01_02_03_TS.wav,2,2.62,4.13,kuun,kũ˥,kũ,kũ,yes,single-word
S_eat_1s_tortillas_COMPL_01_JS.xml,S_eat_1s_tortillas_COMPL_01_JS.wav,1,0,1.63,ntsatsi,ntsa↘↗tsi˥↘,ntsatsi,nt͡sat͡si,yes,single-word
S_eat_1s_tortillas_IMP_01_02_JS.xml,S_eat_1s_tortillas_IMP_01_02_JS.wav,2,1.99,3.67,ntsitstsi,ntsi˩tsa˩tsi˥↘,ntsitsatsi,nt͡sit͡sat͡si,yes,single-word
S_eat_1st_sg_FUT_NEG_breakfast_ADV_sunday_02_spkrTS.xml,S_eat_1st_sg_FUT_NEG_breakfast_ADV_sunday_02_spkrTS.wav,1,0,1.60,ma,ma↘,ma,ma,yes,single-word
S_eat_3s_inf_IMP_when_the_phone_rang_01_TS.xml,S_eat_3s_inf_IMP_when_the_phone_rang_01_TS.wav,1,0,2.29,tsitsa'in,tsi∙tsa̰∙ʔĩ˩,tsitsa̰ʔĩ,t͡sit͡saʔĩ,yes,single-word
S_eat_3s_inf_salt_02_JS.xml,S_eat_3s_inf_salt_02_JS.wav,1,0,1.13,tsatsia,tsa˧tsia˥↘,tsatsia,t͡sat͡sia,yes,single-word
S_eat_CMPL_1s_this_tortilla_not_that_one_01_02_03_TS.xml,S_eat_CMPL_1s_this_tortilla_not_that_one_01_02_03_TS.wav,1,0,2.87,katsi yu,ka˧tsi˥ꜛ,katsiꜛ,kat͡siꜛ,yes,single-word
S_eat_breakfast_1pl_excl_everyday_01_02_03_TS.xml,S_eat_breakfast_1pl_excl_everyday_01_02_03_TS.wav,3,4.12,5.88,tsisini,tsi˥ti˧ni˩,tsitini,t͡sitini,yes,single-word
S_eat_breakfast_1pl_incl_everyday_01_02_TS.xml,S_eat_breakfast_1pl_incl_everyday_01_02_TS.wav,2,0.15,2.21,tsisini,tsi˥si˧ni˩,tsisini,t͡sisini,yes,single-word
S_eat_breakfast_1s_everyday_01_02_TS.xml,S_eat_breakfast_1s_everyday_01_02_TS.wav,1,0,1.62,tsisini,tsi˥si˧n˩i,tsisini,t͡sisini,yes,single-word
S_eat_breakfast_2s_form_everyday_TS_01_02.xml,S_eat_breakfast_2s_form_everyday_TS_01_02.wav,1,0,2.24,tsisini,tsisi˥ni↘,tsisini,t͡sisini,yes,single-word
S_eat_breakfast_2s_inf_everyday_TS_01_02.xml,S_eat_breakfast_2s_inf_everyday_TS_01_02.wav,2,2.15,4.22,kusinu,ku˥si˧nũ↗,kusinũ,kusinũ,yes,single-word
S_eat_breakfast_3pl_f_all_everyday_01_TS.xml,S_eat_breakfast_3pl_f_all_everyday_01_TS.wav,1,0,1.80,kuena,we˥na↘,wena,wena,yes,single-word
S_eat_breakfast_3pl_inf_everyday_01_TS.xml,S_eat_breakfast_3pl_inf_everyday_01_TS.wav,1,0,1.96,tsisini,tsi˥ꜜsini,tsisini,t͡sisini,yes,single-word
S_eat_breakfast_3s_inf_everyday_TS_01_02.xml,S_eat_breakfast_3s_inf_everyday_TS_01_02.wav,1,0,1.70,tsisinia,tsi˥si˧nia↘,tsisinia,t͡sisinia,yes,single-word
S_everyone_went_3rd_pl_form_home_01_02_03_spkrTS.xml,S_everyone_went_3rd_pl_form_home_01_02_03_spkrTS.wav,1,0,1.99,nti'i,nd̪i˥ʔi˧,nd̪iʔi,nd̪iʔi,yes,single-word
S_fish_swim_PRES_in_water_01_02_TS.xml,S_fish_swim_PRES_in_water_01_02_TS.wav,1,0,2.17,sucha,su˥tʃa˥,sutʃa,sut͡ʃa,yes,single-word
S_fish_swim_PRES_in_water_01_02_TS.xml,S_fish_swim_PRES_in_water_01_02_TS.wav,2,2.17,4.45,sucha,su˥tʃa˩,sutʃa,sut͡ʃa,yes,single-word
S_fly_beLOC_table_01_02_03_TS.xml,S_fly_beLOC_table_01_02_03_TS.wav,1,0,5.00,nuu,,,,no,single-word
S_fly_beLOC_table_01_02_03_TS.xml,S_fly_beLOC_table_01_02_03_TS.wav,2,5.00,8.02,nuu,nũː↘↗,nũː,nũː,yes,single-word
S_fly_beLOC_table_01_02_03_TS.xml,S_fly_beLOC_table_01_02_03_TS.wav,3,8.02,12.90,nuu,nũː↘↗ꜜ,nũː,nũː,yes,single-word
S_friend_1st_sg_LOC_outside_01_02_03_spkrTS.xml,S_friend_1st_sg_LOC_outside_01_02_03_spkrTS.wav,3,4.03,5.79,ye'e,j˥ɛʔe↘,jɛʔe,jɛʔe,yes,single-word
S_frog_LOC_bottom_of_the_basket_01_02_TS.xml,S_frog_LOC_bottom_of_the_basket_01_02_TS.wav,1,0,2.32,nchanuu,ndʒa˥nũː↘↗,ndʒanũː,nd͡ʒanũː,yes,single-word
S_frog_LOC_bottom_of_the_basket_01_02_TS.xml,S_frog_LOC_bottom_of_the_basket_01_02_TS.wav,2,2.32,4.87,nchanuu,ndʒa˥nũː↘↗,ndʒanũː,nd͡ʒanũː,yes,single-word
S_frog_LOC_middle_of_the_basket_01_02_TS.xml,S_frog_LOC_middle_of_the_basket_01_02_TS.wav,1,0,1.60,ma'in,ma˧ꜛʔĩː˥ꜜ,maꜛʔĩː,maꜛʔĩː,yes,single-word
S_frog_LOC_middle_of_the_basket_01_02_TS.xml,S_frog_LOC_middle_of_the_basket_01_02_TS.wav,2,1.60,3.15,ma'in,ma˧ʔĩː˥,maʔĩː,maʔĩː,yes,single-word
S_frog_LOC_top_of_the_basket_01_02_TS.xml,S_frog_LOC_top_of_the_basket_01_02_TS.wav,1,0,1.96,nchatsa'a,ndʒa˧tsa˩ʔa↗,ndʒatsaʔa,nd͡ʒat͡saʔa,yes,single-word
S_frog_LOC_top_of_the_basket_01_02_TS.xml,S_frog_LOC_top_of_the_basket_01_02_TS.wav,2,1.96,3.67,nchatsa'a,ndʒa˧ts∙a̰ʔa↗,ndʒatsa̰ʔa,nd͡ʒat͡saʔa,yes,single-word
S_give_2s_inf_FUT_02_JS.xml,S_give_2s_inf_FUT_02_JS.wav,1,0,0.93,kuun,ũː˥,ũː,ũː,yes,single-word
S_grandmother-1s_loves_grandfather-1s_very_much_01_02_TS.xml,S_grandmother-1s_loves_grandfather-1s_very_much_01_02_TS.wav,1,0,2.96,matsa'nu,ma˥tsa˥ʔno,matsaʔno,mat͡saʔno,yes,single-word
S_house_LOC_middle_of_the_hill_01_spkrTS.xml,S_house_LOC_middle_of_the_hill_01_spkrTS.wav,1,0,1.91,ma'in,ma˩ʔĩ↗,maʔĩ,maʔĩ,yes,single-word
S_house_LOC_top_of_the_hill_01_02_TS.xml,S_house_LOC_top_of_the_hill_01_02_TS.wav,1,0,1.99,xini,ʃi↘ni↗,ʃini,ʃini,yes,single-word
S_house_LOC_top_of_the_hill_01_02_TS.xml,S_house_LOC_top_of_the_hill_01_02_TS.wav,2,1.99,4.08,xini,ʃ↘ini↗,ʃini,ʃini,yes,single-word
S_it_is_hailing_01_02_JS.xml,S_it_is_hailing_01_02_JS.wav,1,0,1.08,kuun,kũː↘,kũː,kũː,yes,single-word
S_it_is_hailing_01_02_JS.xml,S_it_is_hailing_01_02_JS.wav,2,1.08,2.25,kuun,kũː↘,kũː,kũː,yes,single-word
S_it_rained_yesterday_01_spkrTS.xml,S_it_rained_yesterday_01_spkrTS.wav,1,0,2.11,ni,ni˩,ni,ni,yes,single-word
S_jump_1st_sg_COMPL_on_the_bed_01_spkrTS.xml,S_jump_1st_sg_COMPL_on_the_bed_01_spkrTS.wav,1,0,1.27,ni kanta yu,k̬a˩nd̪a↘,k̬and̪a,k̬and̪a,yes,single-word
S_jump_1st_sg_FUT_DIR_over_there-CONJ_then_V_pee_1st_sg_FUT_02_spkrJS.xml,S_jump_1st_sg_FUT_DIR_over_there-CONJ_then_V_pee_1st_sg_FUT_02_spkrJS.wav,1,0,2.99,kuun,ũ↗,ũ,ũ,yes,single-word
S_jump_1st_sg_FUT_on_the_bed_02_spkrTS.xml,S_jump_1st_sg_FUT_on_the_bed_02_spkrTS.wav,2,0,1.29,kuun,kũː↘,kũː,kũː,yes,single-word
S_jump_1st_sg_on_the_bed_01_spkrTS.xml,S_jump_1st_sg_on_the_bed_01_spkrTS.wav,1,0,1.06,kanta yu,ka˥nda↘,kanda,kanda,yes,single-word
S_lion_eats_squirrel_01_spkrJS.xml,S_lion_eats_squirrel_01_spkrJS.wav,1,0,2.71,ntatsi,ntsa˩tsi˥,ntsatsi,nt͡sat͡si,yes,single-word
S_live_1s_at_home_still_01_02_TS.xml,S_live_1s_at_home_still_01_02_TS.wav,1,0,1.82,jee,jeː↘↗,jeː,jee,yes,single-word
S_live_1s_at_home_still_01_02_TS.xml,S_live_1s_at_home_still_01_02_TS.wav,2,1.82,3.65,jee,jeː↘↗ꜜ,jeː,jee,yes,single-word
S_live_at_home_1s_FUT_until_married_1s_01_02_TS.xml,S_live_at_home_1s_FUT_until_married_1s_01_02_TS.wav,1,0,2.20,kuun,kũː˥,kũː,kũː,yes,single-word
S_load_2nd_sg_inf_wood_LOC_on_the_donkey_01_02_03_TS.xml,S_load_2nd_sg_inf_wood_LOC_on_the_donkey_01_02_03_TS.wav,1,0,2.21,skaa,(s)kaː↘↗,(s)kaː,(s)kaa,yes,single-word
S_load_2nd_sg_inf_wood_LOC_on_the_donkey_01_02_03_TS.xml,S_load_2nd_sg_inf_wood_LOC_on_the_donkey_01_02_03_TS.wav,2,2.21,4.79,skaa,skaː↘↗ꜜ,skaː,skaa,yes,single-word
S_load_2nd_sg_inf_wood_LOC_on_the_donkey_01_02_03_TS.xml,S_load_2nd_sg_inf_wood_LOC_on_the_donkey_01_02_03_TS.wav,3,4.79,7.18,skaa,skaː↘↗,skaː,skaa,yes,single-word
S_look_into_my_eyes_01_02_03_TS.xml,S_look_into_my_eyes_01_02_03_TS.wav,1,0,1.93,kuun,k˥↘uː,kuː,kuu,yes,single-word
S_look_into_my_eyes_01_02_03_TS.xml,S_look_into_my_eyes_01_02_03_TS.wav,2,1.93,4.08,kuun,k˧uː,kuː,kuu,yes,single-word
S_look_into_my_eyes_01_02_03_TS.xml,S_look_into_my_eyes_01_02_03_TS.wav,3,4.08,6.19,kuun,kuː˧,kuː,kuu,yes,single-word
S_mother_1pl_name_is_Herminia_01_TS.xml,S_mother_1pl_name_is_Herminia_01_TS.wav,1,0,2.92,maa,maː˧,maː,maa,yes,single-word
S_mother_aunts_1s_sew_clothes_01_02_TS.xml,S_mother_aunts_1s_sew_clothes_01_02_TS.wav,2,3.44,6.80,maa,ma˧,ma,ma,yes,single-word
S_my_car_broke_down_01_spkrJS.xml,S_my_car_broke_down_01_spkrJS.wav,1,0,1.28,ntivi,ndi˩βi˥,ndiβi,ndiβi,yes,single-word
S_my_car_broke_down_03_spkrJS.xml,S_my_car_broke_down_03_spkrJS.wav,1,0,1.49,ntivi,ndi˩βi˧,ndiβi,ndiβi,yes,single-word
S_my_siblings_are_older_than_I_02_TS.xml,S_my_siblings_are_older_than_I_02_TS.wav,1,0,3.09,ñani,ɲa˥ni˩,ɲani,ɲani,yes,single-word
S_my_siblings_do_not_live_at_home_02_spkrTS.xml,S_my_siblings_do_not_live_at_home_02_spkrTS.wav,2,0,2.24,kuee,kwe˧,kwe,kwe,yes,single-word
S_nine_husbands_eat_salt_05_spkrJS.xml,S_nine_husbands_eat_salt_05_spkrJS.wav,1,0,2.66,iin,ĩː↘,ĩː,ĩː,yes,single-word
S_run_1s_CMPL_yesterday_01_02_TS.xml,S_run_1s_CMPL_yesterday_01_02_TS.wav,1,0,2.10,sketa,skɛ˩t̪a↘,skɛt̪a,skɛt̪a,yes,single-word
S_run_1s_CMPL_yesterday_01_02_TS.xml,S_run_1s_CMPL_yesterday_01_02_TS.wav,2,2.10,4.37,sketa,skɛ˩t̪a˥↘,skɛt̪a,skɛt̪a,yes,single-word
S_run_1s_HAB_everyday_01_02_03_TS.xml,S_run_1s_HAB_everyday_01_02_03_TS.wav,1,0,1.48,sketa,skɛ˥t̪a↘,skɛt̪a,skɛt̪a,yes,single-word
S_run_1s_HAB_everyday_01_02_03_TS.xml,S_run_1s_HAB_everyday_01_02_03_TS.wav,2,1.48,2.98,sketa,skɛ˥t̪a↘,skɛt̪a,skɛt̪a,yes,single-word
S_run_1s_HAB_everyday_01_02_03_TS.xml,S_run_1s_HAB_everyday_01_02_03_TS.wav,3,2.98,4.68,sketa,skɛ˥t̪a↘,skɛt̪a,skɛt̪a,yes,single-word
S_see_1s_you_2s-inf_01_02_TS.xml,S_see_1s_you_2s-inf_01_02_TS.wav,1,0,1.10,nche'e̠,ndʒɛ̰↗ʔḛ↘↗,ndʒɛ̰ʔḛ,nd͡ʒɛʔḛ,yes,single-word
S_she-grandmother_is_still_beautifull_01_02_TS.xml,S_she-grandmother_is_still_beautifull_01_02_TS.wav,2,2.60,4.12,che'e,tʃe˥,tʃe,t͡ʃe,yes,single-word
S_siblings_1s_are_older_and_they_dont_live_at_home_01_02_03_TS.xml,S_siblings_1s_are_older_and_they_dont_live_at_home_01_02_03_TS.wav,2,4.79,9.10,ñani,ɲa˧niː↗↘,ɲaniː,ɲanii,yes,single-word
S_someone_told_me_your_2s_inf_car_broke_down_01_JS.xml,S_someone_told_me_your_2s_inf_car_broke_down_01_JS.wav,1,0,3.06,ntakani,nda˩ka˩n˧i,ndakani,ndakani,yes,single-word
S_someone_told_you_2s_inf_your_2s_inf_car_broke_down_JS.xml,S_someone_told_you_2s_inf_your_2s_inf_car_broke_down_JS.wav,01,0,3.14,ntakani,nd̪a˩ka˩ni↗,nd̪akani,nd̪akani,yes,single-word
S_someone_told_you_3pl_inf_your_2s_inf_car_broke_down_JS.xml,S_someone_told_you_3pl_inf_your_2s_inf_car_broke_down_JS.wav,01,0,3.49,ntakani,nd̪a˩ka˧n˥i,nd̪akani,nd̪akani,yes,single-word
S_speak_1s_on_behalf_of_Pedro_01_02_03_TS.xml,S_speak_1s_on_behalf_of_Pedro_01_02_03_TS.wav,1,0,3.19,ka'an,kã˥ʔã̰,kãʔã̰,kãʔã̰,yes,single-word
S_speak_1s_on_behalf_of_Pedro_01_02_03_TS.xml,S_speak_1s_on_behalf_of_Pedro_01_02_03_TS.wav,2,3.19,5.66,ka'an,kã˥ʔã̰˩,kãʔã̰,kãʔã̰,yes,single-word
S_speak_1s_on_behalf_of_Pedro_01_02_03_TS.xml,S_speak_1s_on_behalf_of_Pedro_01_02_03_TS.wav,3,5.66,9.51,ka'an,kã̰∙ʔã̰˩,kã̰ʔã̰,kã̰ʔã̰,yes,single-word
S_stand_in_back_of_the_house_01_02_TS.xml,S_stand_in_back_of_the_house_01_02_TS.wav,1,0,1.85,kuun,kũː↘,kũː,kũː,yes,single-word
S_stand_in_back_of_the_house_01_02_TS.xml,S_stand_in_back_of_the_house_01_02_TS.wav,2,1.85,3.82,kuun,kũː˥ꜜ,kũː,kũː,yes,single-word
S_stand_in_front_of_the_house_01_02_03_TS.xml,S_stand_in_front_of_the_house_01_02_03_TS.wav,1,0,1.98,kuun,kũː˥,kũː,kũː,yes,single-word
S_stand_in_front_of_the_house_01_02_03_TS.xml,S_stand_in_front_of_the_house_01_02_03_TS.wav,2,1.98,3.97,kuun,kũː˥ꜜ,kũː,kũː,yes,single-word
S_stand_on_the_side_of_the_house_02_TS.xml,S_stand_on_the_side_of_the_house_02_TS.wav,1,0,1.78,kuun,kũː˥,kũː,kũː,yes,single-word
S_stay_at_FUT_home_tomorrow_1s_01_02_03_TS.xml,S_stay_at_FUT_home_tomorrow_1s_01_02_03_TS.wav,1,0,2.53,kunkuu,kuː˥k̬ũː↘,kuːk̬ũː,kuuk̬ũː,yes,single-word
S_stay_at_FUT_home_tomorrow_3s_inf_01_02_03_TS.xml,S_stay_at_FUT_home_tomorrow_3s_inf_01_02_03_TS.wav,1,0,2.13,kunkuu,k˥ũk̬u↘,kũk̬u,kũk̬u,yes,single-word
S_stay_at_PRES_home_today_1s_01_02_03_TS.xml,S_stay_at_PRES_home_today_1s_01_02_03_TS.wav,3,4.95,6.83,in,i˧,i,i,yes,single-word
S_stay_at_PST_home_the_other_day_1s_01_02_03_TS.xml,S_stay_at_PST_home_the_other_day_1s_01_02_03_TS.wav,1,0,2.26,ve'e,βɛ↗ʔe↘,βɛʔe,βɛʔe,yes,single-word
S_stay_at_PST_the_other_day_3s_inf_01_02_03_TS.xml,S_stay_at_PST_the_other_day_3s_inf_01_02_03_TS.wav,1,0,2.19,ve'e,βɛ˥ʔe↘,βɛʔe,βɛʔe,yes,single-word
S_that_beautiful_woman_eats_chicken_1st_pl_01_spkrJS.xml,S_that_beautiful_woman_eats_chicken_1st_pl_01_spkrJS.wav,1,0,3.56,ña'a,ɲã↗ʔã↘,ɲãʔã,ɲãʔã,yes,single-word
S_that_beautiful_woman_eats_chicken_1st_sg_01_spkrJS.xml,S_that_beautiful_woman_eats_chicken_1st_sg_01_spkrJS.wav,1,0,3.92,ña'a,ɲã˩ʔa↗,ɲãʔa,ɲãʔa,yes,single-word
S_that_beautiful_woman_eats_the_chicken_02_JS.xml,S_that_beautiful_woman_eats_the_chicken_02_JS.wav,2,0,3.54,ña'a,ɲa↘ʔa↗,ɲaʔa,ɲaʔa,yes,single-word
S_the-that_priest_hit_1st_sg_01_JS.xml,S_the-that_priest_hit_1st_sg_01_JS.wav,1,0,2.34,sutu,su˩t̪u˩,sut̪u,sut̪u,yes,single-word
S_the_bat_fly_COMPL_get_up_out_of_COMPL_the_cave_01_02_TS.xml,S_the_bat_fly_COMPL_get_up_out_of_COMPL_the_cave_01_02_TS.wav,2,4.13,7.35,ntava,nd̪a˩va˧,nd̪ava,nd̪ava,yes,single-word
S_the_bat_fly_COMPL_to_the_cave_enter_COMPL_02_03_TS.xml,S_the_bat_fly_COMPL_to_the_cave_enter_COMPL_02_03_TS.wav,1,0,3.35,ntava,nd̪a˩βa˧,nd̪aβa,nd̪aβa,yes,single-word
S_the_bat_fly_FUT_into_the_cave_01_02_03_TS.xml,S_the_bat_fly_FUT_into_the_cave_01_02_03_TS.wav,2,2.71,5.25,kuun,kũ↘,kũ,kũ,yes,single-word
S_the_bat_fly_FUT_out_of_the_cave_01_02_TS.xml,S_the_bat_fly_FUT_out_of_the_cave_01_02_TS.wav,1,0,3.02,kuun,kũː↘,kũː,kũː,yes,single-word
S_the_bee_is_flying_around_the_tree_01_02_03_TS.xml,S_the_bee_is_flying_around_the_tree_01_02_03_TS.wav,1,0,3.03,tava,nda˥va˧,ndava,ndava,yes,single-word
S_the_bee_is_flying_around_the_tree_01_02_03_TS.xml,S_the_bee_is_flying_around_the_tree_01_02_03_TS.wav,2,3.03,6.15,tava,d̪a˥va˧,d̪ava,d̪ava,yes,single-word
S_the_bee_is_flying_around_the_tree_01_02_03_TS.xml,S_the_bee_is_flying_around_the_tree_01_02_03_TS.wav,3,6.15,9.80,ntava,nd̪a˥va˧,nd̪ava,nd̪ava,yes,single-word
S_the_crow_is_flying_high_01_02_03_TS.xml,S_the_crow_is_flying_high_01_02_03_TS.wav,1,0,2.68,suku,su˥ku↘,suku,suku,yes,single-word
S_the_dog_is_walking_towards_the_kids_01_02_spkrTS.xml,S_the_dog_is_walking_towards_the_kids_01_02_spkrTS.wav,1,0,3.47,tsika,ts˥ika˩,tsika,t͡sika,yes,single-word
S_the_dog_is_walking_towards_the_kids_01_02_spkrTS.xml,S_the_dog_is_walking_towards_the_kids_01_02_spkrTS.wav,2,3.47,6.71,tsika,ts˥ika˧,tsika,t͡sika,yes,single-word
S_the_dogs_are_walking_away_from_eachother_01_02_03_spkrTS.xml,S_the_dogs_are_walking_away_from_eachother_01_02_03_spkrTS.wav,1,0,1.86,intsitsio,i˥ntsi↘tsjo˧,intsitsjo,int͡sit͡sjo,yes,single-word
S_the_hawk_fly_COMPL_in_front_of_1s_01_02_03_TS.xml,S_the_hawk_fly_COMPL_in_front_of_1s_01_02_03_TS.wav,1,0,2.51,ntava,nda˩βa↘,ndaβa,ndaβa,yes,single-word
S_the_hawk_fly_COMPL_infront_of_3s_inf_01_02_03_TS.xml,S_the_hawk_fly_COMPL_infront_of_3s_inf_01_02_03_TS.wav,1,0,1.70,ntava,nda˩va˥,ndava,ndava,yes,single-word
S_the_hawk_fly_COMPL_infront_of_3s_inf_01_02_03_TS.xml,S_the_hawk_fly_COMPL_infront_of_3s_inf_01_02_03_TS.wav,2,1.70,3.59,ntava,nda˩βa˥ꜜ,ndaβa,ndaβa,yes,single-word
S_the_hawk_fly_COMPL_infront_of_3s_inf_01_02_03_TS.xml,S_the_hawk_fly_COMPL_infront_of_3s_inf_01_02_03_TS.wav,3,3.59,5.65,ntava,nda˩va˥,ndava,ndava,yes,single-word
S_the_house_is_on_the_bottom_of_the_hill_01_02.xml,S_the_house_is_on_the_bottom_of_the_hill_01_02.wav,1,0,2.16,tsa'a,tsa∙ʔa˥,tsaʔa,t͡saʔa,yes,single-word
S_the_house_is_on_the_bottom_of_the_hill_01_02.xml,S_the_house_is_on_the_bottom_of_the_hill_01_02.wav,2,2.16,4.32,tsa'a,tsa̰∙ʔa↗,tsa̰ʔa,t͡saʔa,yes,single-word
S_the_little_kid_put_the_cat_up_in_the_tree_01_02_spkrTS.xml,S_the_little_kid_put_the_cat_up_in_the_tree_01_02_spkrTS.wav,1,0,3.60,skaa,skaː↗↘,skaː,skaa,yes,single-word
S_the_little_kid_put_the_cat_up_in_the_tree_01_02_spkrTS.xml,S_the_little_kid_put_the_cat_up_in_the_tree_01_02_spkrTS.wav,2,3.60,6.95,skaa,skaː↗↘,skaː,skaa,yes,single-word
S_the_lizard_beLOC_in_the_boys_hand_01_02_03_TS.xml,S_the_lizard_beLOC_in_the_boys_hand_01_02_03_TS.wav,1,0,5.28,kanu'u,ka↘nd̪u˥ʔu˧,kand̪uʔu,kand̪uʔu,yes,single-word
S_the_lizard_beLOC_in_the_boys_hand_01_02_03_TS.xml,S_the_lizard_beLOC_in_the_boys_hand_01_02_03_TS.wav,2,5.28,7.98,kantu'u,ka↘ndu˥ʔu↘,kanduʔu,kanduʔu,yes,single-word
S_the_lizard_beLOC_in_the_boys_hand_01_02_03_TS.xml,S_the_lizard_beLOC_in_the_boys_hand_01_02_03_TS.wav,3,7.98,11.77,kantu'u,ka↘nd̪u˩ʔu˥,kand̪uʔu,kand̪uʔu,yes,single-word
S_the_owl_fly_COMPL_into_the_tree_01_02_03_TS.xml,S_the_owl_fly_COMPL_into_the_tree_01_02_03_TS.wav,2,2.78,4.94,tava,d̪a˩va˧,d̪ava,d̪ava,yes,single-word
S_the_red_and_yellow_bird_sings_01_spkrJS.xml,S_the_red_and_yellow_bird_sings_01_spkrJS.wav,1,0,3.90,saa,saː↘,saː,saa,yes,single-word
S_the_squirrel_eats_the_lion_02_spkrJS.xml,S_the_squirrel_eats_the_lion_02_spkrJS.wav,1,0,2.65,ntsatsi,ntsa˩tsi˥,ntsatsi,nt͡sat͡si,yes,single-word
S_the_sun_shines_today_01_02_JS.xml,S_the_sun_shines_today_01_02_JS.wav,1,0,2.98,nchii,ndʒiː↘↗,ndʒiː,nd͡ʒii,yes,single-word
S_the_sun_shines_today_01_02_JS.xml,S_the_sun_shines_today_01_02_JS.wav,2,2.98,5.35,nchii,ndʒiː↘↗,ndʒiː,nd͡ʒii,yes,single-word
S_the_swallow_fly_away_COMPL_because_he_saw_a_vulcher_01_02_03_TS.xml,S_the_swallow_fly_away_COMPL_because_he_saw_a_vulcher_01_02_03_TS.wav,1,0,4.47,tsa'a,tsaː↗,tsaː,t͡saa,yes,single-word
S_the_tree_LOC_DIST_01_02_spkrTS.xml,S_the_tree_LOC_DIST_01_02_spkrTS.wav,1,0,1.68,tsika,ts˥ika↘,tsika,t͡sika,yes,single-word
S_the_tree_LOC_DIST_from_me_01_02_03_spkrTS.xml,S_the_tree_LOC_DIST_from_me_01_02_03_spkrTS.wav,1,0,2.12,tsika,ts˥ika˧,tsika,t͡sika,yes,single-word
S_the_tree_LOC_PROX_01_02_03_spkrTS.xml,S_the_tree_LOC_PROX_01_02_03_spkrTS.wav,1,0,1.38,yachi,ja↘tʃi˥ŋ,jatʃiŋ,jat͡ʃiŋ,yes,single-word
S_the_tree_LOC_PROX_01_02_03_spkrTS.xml,S_the_tree_LOC_PROX_01_02_03_spkrTS.wav,2,1.38,2.95,yachi,ja˩tʃi˥ꜜŋ,jatʃiŋ,jat͡ʃiŋ,yes,single-word
S_the_tree_LOC_PROX_01_02_03_spkrTS.xml,S_the_tree_LOC_PROX_01_02_03_spkrTS.wav,3,2.95,4.48,yachi,j↘atʃi∙,jatʃi,jat͡ʃi,yes,single-word
S_the_tree_LOC_PROX_me_01_02_03_spkrTS.xml,S_the_tree_LOC_PROX_me_01_02_03_spkrTS.wav,1,0,2.14,yachi,ja˥ꜜtʃi↘,jatʃi,jat͡ʃi,yes,single-word
S_the_tree_LOC_PROX_me_01_02_03_spkrTS.xml,S_the_tree_LOC_PROX_me_01_02_03_spkrTS.wav,2,2.14,4.33,yachi,ja˥ꜜtʃi˩,jatʃi,jat͡ʃi,yes,single-word
S_the_tree_LOC_PROX_me_01_02_03_spkrTS.xml,S_the_tree_LOC_PROX_me_01_02_03_spkrTS.wav,3,4.33,6.49,yachi,ja↘tʃi,jatʃi,jat͡ʃi,yes,single-word
S_the_vase_has_some_water_01_TS.xml,S_the_vase_has_some_water_01_TS.wav,1,0,1.04,sava,sa˥va˧,sava,sava,yes,single-word
S_the_vase_is_empty_01_02_TS.xml,S_the_vase_is_empty_01_02_TS.wav,1,0,1.28,iin,ĩː˥↘,ĩː,ĩː,yes,single-word
S_the_woodpecker_fly_COMPL_in_front_of_3s_01_02_03_TS.xml,S_the_woodpecker_fly_COMPL_in_front_of_3s_01_02_03_TS.wav,1,0,2.47,ntava,nda˩βa˧,ndaβa,ndaβa,yes,single-word
S_the_woodpecker_fly_COMPL_in_front_of_3s_01_02_03_TS.xml,S_the_woodpecker_fly_COMPL_in_front_of_3s_01_02_03_TS.wav,2,2.47,4.78,ntava,nd ̪a˩va˧,nd ̪ava,nd ̪ava,yes,single-word
S_the_woodpecker_fly_COMPL_in_front_of_3s_01_02_03_TS.xml,S_the_woodpecker_fly_COMPL_in_front_of_3s_01_02_03_TS.wav,3,4.78,6.84,ntava,nda˩va˧,ndava,ndava,yes,single-word
S_the_woodpecker_fly_COMPL_over_1s_01_02_03_TS.xml,S_the_woodpecker_fly_COMPL_over_1s_01_02_03_TS.wav,1,0,2.65,ntava,nd̪a˩va˧,nd̪ava,nd̪ava,yes,single-word
S_the_woodpecker_fly_COMPL_over_1s_01_02_03_TS.xml,S_the_woodpecker_fly_COMPL_over_1s_01_02_03_TS.wav,2,2.65,4.86,ntava,nd̪a˩va˧,nd̪ava,nd̪ava,yes,single-word
S_the_woodpecker_fly_COMPL_over_1s_01_02_03_TS.xml,S_the_woodpecker_fly_COMPL_over_1s_01_02_03_TS.wav,3,4.86,7.62,ntava,nd̪a˩βa˧,nd̪aβa,nd̪aβa,yes,single-word
S_the_woodpecker_fly_COMPL_over_the_field_01_02_03_04_TS.xml,S_the_woodpecker_fly_COMPL_over_the_field_01_02_03_04_TS.wav,01,0,2.65,ntava,nda˩va˧,ndava,ndava,yes,single-word
S_the_woodpecker_fly_COMPL_over_the_field_01_02_03_04_TS.xml,S_the_woodpecker_fly_COMPL_over_the_field_01_02_03_04_TS.wav,02,2.65,5.25,ntava,nda˩va˧,ndava,ndava,yes,single-word
S_the_woodpecker_fly_COMPL_over_the_field_01_02_03_04_TS.xml,S_the_woodpecker_fly_COMPL_over_the_field_01_02_03_04_TS.wav,03,5.25,7.67,ntava,nda˩va˧,ndava,ndava,yes,single-word
S_the_woodpecker_fly_COMPL_over_the_field_01_02_03_04_TS.xml,S_the_woodpecker_fly_COMPL_over_the_field_01_02_03_04_TS.wav,04,7.67,10.22,ntava,nda˩v˧a,ndava,ndava,yes,single-word
S_there_is_an_ant_beLOC_on_my_leg_03_TS.xml,S_there_is_an_ant_beLOC_on_my_leg_03_TS.wav,1,0,2.44,iin,ĩː˥,ĩː,ĩː,yes,single-word
S_they_both_got_3rd_pl_inf_home_at_the_same_time_01_02_03spkrTS.xml,S_they_both_got_3rd_pl_inf_home_at_the_same_time_01_02_03spkrTS.wav,1,0,1.41,iin,ĩː˥,ĩː,ĩː,yes,single-word
S_they_f_sew_clothes_very_well_01_spkrTS.xml,S_they_f_sew_clothes_very_well_01_spkrTS.wav,1,0,1.96,va'a,β˥aʔa↘,βaʔa,βaʔa,yes,single-word
S_throw_3s_form_m_IMP_ball_DIR_1s_01_02_TS.xml,S_throw_3s_form_m_IMP_ball_DIR_1s_01_02_TS.wav,1,0,2.05,tsi,ts,ts,t͡s,no,single-word
S_throw_3s_form_m_IMP_ball_DIR_1s_01_02_TS.xml,S_throw_3s_form_m_IMP_ball_DIR_1s_01_02_TS.wav,2,2.05,4.34,tsi,tsi˧,tsi,t͡si,yes,single-word
S_tree_LOC_PROX_01_02_03_TS.xml,S_tree_LOC_PROX_01_02_03_TS.wav,1,0,1.22,yachi,ja↘tʃi˥ŋ,jatʃiŋ,jat͡ʃiŋ,yes,single-word
S_tree_LOC_PROX_01_02_03_TS.xml,S_tree_LOC_PROX_01_02_03_TS.wav,2,1.22,2.61,yachi,ja˩tʃi˥,jatʃi,jat͡ʃi,yes,single-word
S_tree_LOC_PROX_01_02_03_TS.xml,S_tree_LOC_PROX_01_02_03_TS.wav,3,2.61,3.88,yachi,ja↘tʃi↗,jatʃi,jat͡ʃi,yes,single-word
S_want_1st_sg_it_to_rain_tomorrow_03_spkrTS.xml,S_want_1st_sg_it_to_rain_tomorrow_03_spkrTS.wav,3,0,3.88,nikuni,ni↘kũ˧ni∙,nikũni,nikũni,yes,single-word
S_wash_1st_sg_FUT_NEG_dog_1st_sg_01_02_TS.xml,S_wash_1st_sg_FUT_NEG_dog_1st_sg_01_02_TS.wav,1,0,1.61,ma,ma˩,ma,ma,yes,single-word
S_wash_1st_sg_FUT_dog_1st_sg_01_02_TS.xml,S_wash_1st_sg_FUT_dog_1st_sg_01_02_TS.wav,1,0,1.64,kuun,ku˥,ku,ku,yes,single-word
S_we_ate_rice_and_beans_for_breakfast_last_saturday_01_02_TS.xml,S_we_ate_rice_and_beans_for_breakfast_last_saturday_01_02_TS.wav,2,4.99,8.67,tsatso,tsa˩tso↗,tsatso,t͡sat͡so,yes,single-word
S_we_studied_alot_01_02_TS.xml,S_we_studied_alot_01_02_TS.wav,1,0,1.45,skua'a,skwa̰∙ʔa˥,skwa̰ʔa,skwaʔa,yes,single-word
S_who_wants_to_blow_01_JS.xml,S_who_wants_to_blow_01_JS.wav,1,0,1.52,ana,a˥na˧,ana,ana,yes,single-word
S_woman-COP-beautiful_01_02_03_JS.xml,S_woman-COP-beautiful_01_02_03_JS.wav,1,0,2.10,che'e,tʃe↗ʔ↘e,tʃeʔe,t͡ʃeʔe,yes,single-word
S_woman-COP-beautiful_01_02_03_JS.xml,S_woman-COP-beautiful_01_02_03_JS.wav,2,2.10,4.18,<ui (tS) e:_k_R_F,tʃḛː↗↘,tʃḛː,t͡ʃḛː,yes,single-word
S_woman-COP-beautiful_01_02_03_JS.xml,S_woman-COP-beautiful_01_02_03_JS.wav,3,4.18,6.51,<ui (tS) e_R ? e_F,tʃe↗ʔe↘,tʃeʔe,t͡ʃeʔe,yes,single-word
S_work_1st_sg_instead_of_Maria_01_02_03_TS.xml,S_work_1st_sg_instead_of_Maria_01_02_03_TS.wav,1,0,2.76,sachuun yu,sa˧tʃũː↘,satʃũː,sat͡ʃũː,yes,single-word
S_work_1st_sg_instead_of_Maria_01_02_03_TS.xml,S_work_1st_sg_instead_of_Maria_01_02_03_TS.wav,2,2.76,4.67,sachuun yu,s˧atʃũː↘,satʃũː,sat͡ʃũː,yes,single-word
S_work_1st_sg_instead_of_Maria_01_02_03_TS.xml,S_work_1st_sg_instead_of_Maria_01_02_03_TS.wav,3,4.67,8.66,sachuun yu,sa∙tʃ↘ũː,satʃũː,sat͡ʃũː,yes,single-word
S_you_2s_inf_smell_bad_01_02_03_spkrTS.xml,S_you_2s_inf_smell_bad_01_02_03_spkrTS.wav,3,2.96,4.10,kini,ki˧ni˩,kini,kini,yes,single-word
S_you_2s_inf_smell_good_01_02_03_spkrTS.xml,S_you_2s_inf_smell_good_01_02_03_spkrTS.wav,2,1.36,2.48,va'a,βa̰˥ʔa↗,βa̰ʔa,βaʔa,yes,single-word
V_CMND_lay_down_01_02_03_TS.xml,V_CMND_lay_down_01_02_03_TS.wav,1,0,1.24,kantu'u,ka˩nd̪u˥ʔu˥,kand̪uʔu,kand̪uʔu,yes,single-word
V_CMND_lay_down_01_02_03_TS.xml,V_CMND_lay_down_01_02_03_TS.wav,2,1.24,2.43,kantu'u,ka˩ndu˥ʔ˥u,kanduʔu,kanduʔu,yes,single-word
V_CMND_lay_down_01_02_03_TS.xml,V_CMND_lay_down_01_02_03_TS.wav,3,2.43,3.50,kantu'u,ka˩nd˥uʔu˥,kanduʔu,kanduʔu,yes,single-word
V_CMND_sit_down_01_02_03_spkrTS.xml,V_CMND_sit_down_01_02_03_spkrTS.wav,1,0,1.06,kuntu'u,ku↘nd̪u↗ʔu˥,kund̪uʔu,kund̪uʔu,yes,single-word
V_CMND_sit_down_01_02_03_spkrTS.xml,V_CMND_sit_down_01_02_03_spkrTS.wav,2,1.06,2.30,kuntu'u,ku˩nd̪↗uʔu˥,kund̪uʔu,kund̪uʔu,yes,single-word
V_CMND_sit_down_01_02_03_spkrTS.xml,V_CMND_sit_down_01_02_03_spkrTS.wav,3,2.30,3.63,kuntu'u,ku↘nd̪↗uʔu˥,kund̪uʔu,kund̪uʔu,yes,single-word
V_CMND_sit_down_in_back_of_me_01_02_03_spkrTS.xml,V_CMND_sit_down_in_back_of_me_01_02_03_spkrTS.wav,1,0,1.46,kundu'u,kũː˩ndṵː↗↘,kũːndṵː,kũːndṵː,yes,single-word
V_CMND_sit_down_in_back_of_me_01_02_03_spkrTS.xml,V_CMND_sit_down_in_back_of_me_01_02_03_spkrTS.wav,2,1.46,2.89,kundu'u,kũː↘ndu↗ʔ↘ṵ,kũːnduʔṵ,kũːnduʔṵ,yes,single-word
V_CMND_sit_down_in_back_of_me_01_02_03_spkrTS.xml,V_CMND_sit_down_in_back_of_me_01_02_03_spkrTS.wav,3,2.89,4.36,kundu'u,k↘ũːndu˥ʔṵ↘,kũːnduʔṵ,kũːnduʔṵ,yes,single-word
V_CMND_sit_down_in_front_of_me_01_02_03_spkrTS.xml,V_CMND_sit_down_in_front_of_me_01_02_03_spkrTS.wav,1,0,1.31,kuntu'u,kũ↘ndu˥ʔu↘,kũnduʔu,kũnduʔu,yes,single-word
V_CMND_sit_down_in_front_of_me_01_02_03_spkrTS.xml,V_CMND_sit_down_in_front_of_me_01_02_03_spkrTS.wav,2,1.31,2.86,kuntu'u,kũ↘ndu↗ʔu↘,kũnduʔu,kũnduʔu,yes,single-word
V_CMND_sit_down_in_front_of_me_01_02_03_spkrTS.xml,V_CMND_sit_down_in_front_of_me_01_02_03_spkrTS.wav,3,2.86,4.41,kuntu'u,kũ↘ndu↗ʔ↘ꜛu,kũnduʔꜛu,kũnduʔꜛu,yes,single-word
V_CMND_sit_down_next_to_me_01_02_spkrTS.xml,V_CMND_sit_down_next_to_me_01_02_spkrTS.wav,1,0,1.52,kuu,ku˥,ku,ku,yes,single-word
V_CMND_sit_down_next_to_me_01_02_spkrTS.xml,V_CMND_sit_down_next_to_me_01_02_spkrTS.wav,2,1.52,3.05,kuu,ku˥,ku,ku,yes,single-word
V_CMND_stand_up_01_02_03_spkrTS.xml,V_CMND_stand_up_01_02_03_spkrTS.wav,1,0,1.04,kuu,kũː˥↗,kũː,kũː,yes,single-word
V_CMND_stand_up_01_02_03_spkrTS.xml,V_CMND_stand_up_01_02_03_spkrTS.wav,2,1.04,2.10,kuu,kũː˥↗,kũː,kũː,yes,single-word
V_CMND_stand_up_01_02_03_spkrTS.xml,V_CMND_stand_up_01_02_03_spkrTS.wav,3,2.10,3.37,kuu,kũː˥↘,kũː,kũː,yes,single-word
V_MTN_flee_02_spkrTS.xml,V_MTN_flee_02_spkrTS.wav,1,0,0.69,kunu,ku˩nu˩,kunu,kunu,yes,single-word
V_be_hungry-be_dying_of_hunger_02_JS.xml,V_be_hungry-be_dying_of_hunger_02_JS.wav,1,0,1.31,kuu,kuː↘↗,kuː,kuu,yes,single-word
V_boil_01_02_JS.xml,V_boil_01_02_JS.wav,1,0,0.78,xcho'o,,,,no,single-word
V_boil_01_02_JS.xml,V_boil_01_02_JS.wav,2,0.78,1.57,xcho'o,,,,no,single-word
V_bring-down_01_02_TS.xml,V_bring-down_01_02_TS.wav,1,0,0.77,xnuu,ʃnũː↘,ʃnũː,ʃnũː,yes,single-word
V_bring-down_01_02_TS.xml,V_bring-down_01_02_TS.wav,2,0.77,1.87,xnuu,ʃnũː↘,ʃnũː,ʃnũː,yes,single-word
V_cut_01_JS.xml,V_cut_01_JS.wav,1,0,1.19,skuachi,skwa˧ʧi˧,skwaʧi,skwat͡ʃi,yes,single-word
V_cut_1s_01_JS.xml,V_cut_1s_01_JS.wav,1,0,1.04,skuachi,skwa˧ʧiF,skwaʧiF,skwat͡ʃiF,yes,single-word
V_cut_1s_02_JS.xml,V_cut_1s_02_JS.wav,1,0,1.04,skuachi yu,,,,no,single-word
V_draw_01_spkrJS.xml,V_draw_01_spkrJS.wav,1,0,0.86,ntana'an,nd̪a˧na↘ʔɐ̃↘,nd̪anaʔɐ̃,nd̪anaʔɐ̃,yes,single-word
V_draw_02_spkrJS.xml,V_draw_02_spkrJS.wav,1,0,0.84,ntana'an,,,,no,single-word
V_drink_1s_01_02_TS.xml,V_drink_1s_01_02_TS.wav,1,0,0.62,tsi'i̠,tsi˥ʔiF,tsiʔiF,t͡siʔiF,yes,single-word
V_drink_1s_01_02_TS.xml,V_drink_1s_01_02_TS.wav,2,0.62,1.21,tsi'i̠,tsi˥ʔi↘,tsiʔi,t͡siʔi,yes,single-word
V_eat_1s_FUT_03_TS.xml,V_eat_1s_FUT_03_TS.wav,3,0,0.73,kunkatsi̠,kũː˥ɣa˩tsi↘,kũːɣatsi,kũːɣat͡si,yes,single-word
V_eat_dinner_04_JS.xml,V_eat_dinner_04_JS.wav,1,0,0.82,kuxi'ni,ku˧ʃi˥ʔni˧ꜜ,kuʃiʔni,kuʃiʔni,yes,single-word
V_eat_lunch_01_JS.xml,V_eat_lunch_01_JS.wav,1,0,0.70,kuxa'in,ku˧ʃã˥ꜜʔḭ̃˩,kuʃãʔḭ̃,kuʃãʔḭ̃,yes,single-word
V_fart_01_02_03_spkrTS.xml,V_fart_01_02_03_spkrTS.wav,1,0,0.75,tachi,d̪a˩tʃi↗,d̪atʃi,d̪at͡ʃi,yes,single-word
V_fart_01_02_03_spkrTS.xml,V_fart_01_02_03_spkrTS.wav,2,0.75,1.58,tachi,d̪a˩tʃi↗,d̪atʃi,d̪at͡ʃi,yes,single-word
V_fart_01_02_03_spkrTS.xml,V_fart_01_02_03_spkrTS.wav,3,1.58,2.45,tachi,d̪a˩tʃi↗,d̪atʃi,d̪at͡ʃi,yes,single-word
V_give_02_spkrJS.xml,V_give_02_spkrJS.wav,1,0,0.66,kua'a,kw˩a̰ʔa˧,kwa̰ʔa,kwaʔa,yes,single-word
V_give_03_spkrJS.xml,V_give_03_spkrJS.wav,1,0,0.84,kua'a,kwa̰˩ʔa˧,kwa̰ʔa,kwaʔa,yes,single-word
V_give_1st_sg_FUT_01_02_spkrJS.xml,V_give_1st_sg_FUT_01_02_spkrJS.wav,1,0,1.03,kua'a̠,kwa˩ʔaː˥↘,kwaʔaː,kwaʔaa,yes,single-word
V_give_1st_sg_FUT_01_02_spkrJS.xml,V_give_1st_sg_FUT_01_02_spkrJS.wav,2,1.03,1.86,kua'a̠,kwa∙ʔaː↗↘,kwaʔaː,kwaʔaa,yes,single-word
V_give_2nd_sg_inf_FUT_02_spkrJS.xml,V_give_2nd_sg_inf_FUT_02_spkrJS.wav,2,0,0.76,kuun,ũː˥,ũː,ũː,yes,single-word
V_go_2nd_pl_form_01_02_spkrJS.xml,V_go_2nd_pl_form_01_02_spkrJS.wav,1,0,0.90,kua'an,kwa˥ʔã˧,kwaʔã,kwaʔã,yes,single-word
V_go_2nd_pl_inf_01_02_spkrJS.xml,V_go_2nd_pl_inf_01_02_spkrJS.wav,2,0.90,1.69,kua'an,kwã˥ʔã̰˩,kwãʔã̰,kwãʔã̰,yes,single-word
V_go_2nd_sg_form_01_02_spkrJS.xml,V_go_2nd_sg_form_01_02_spkrJS.wav,2,0.85,1.66,kua'an,kwã˥ʔã̰↘,kwãʔã̰,kwãʔã̰,yes,single-word
V_go_2nd_sg_inf_02_spkrJS.xml,V_go_2nd_sg_inf_02_spkrJS.wav,kua'an (2S-INF),0.06,0.51,kua'an (2S-INF),kwã˥ʔã↘,kwãʔã,kwãʔã,yes,single-word
V_go_2nd_sg_inf_FUT_02_spkrJS.xml,V_go_2nd_sg_inf_FUT_02_spkrJS.wav,2,0,0.87,kuun,ũː˥,ũː,ũː,yes,single-word
V_go_3rd_pl_form_all_03_04_JS.xml,V_go_3rd_pl_form_all_03_04_JS.wav,1,0,1.19,kuun,ũː↗ŋ,ũːŋ,ũːŋ,yes,single-word
V_go_3rd_pl_form_all_03_04_JS.xml,V_go_3rd_pl_form_all_03_04_JS.wav,2,1.19,2.65,kuun,↗ũːŋk̬,ũːŋk̬,ũːŋk̬,yes,single-word
V_go_3rd_pl_form_all_FUT_02_spkrJS.xml,V_go_3rd_pl_form_all_FUT_02_spkrJS.wav,2,0,1.19,kunko'on,ũː˥k̬õ˥ʔ˩õ,ũːk̬õʔõ,ũːk̬õʔõ,yes,single-word
V_go_3rd_pl_inf_01_spkrJS.xml,V_go_3rd_pl_inf_01_spkrJS.wav,1,0,1.16,tsita,tsi˥t̪a˥,tsit̪a,t͡sit̪a,yes,single-word
V_go_3rd_sg_form_f_FUT_01_spkrJS.xml,V_go_3rd_sg_form_f_FUT_01_spkrJS.wav,1,0,1.09,kun,ũ↗,ũ,ũ,yes,single-word
V_go_3s_form_m_FUT_01_02_JS.xml,V_go_3s_form_m_FUT_01_02_JS.wav,1,0,1.19,kunko'on,ũː˥k̬õ˥ʔo˩,ũːk̬õʔo,ũːk̬õʔo,yes,single-word
V_jump_1st_sg_FUT_01_spkrTS.xml,V_jump_1st_sg_FUT_01_spkrTS.wav,1,0,1.26,kunkanta,ũː↗↘k̬a˩nd̪a˩,ũːk̬and̪a,ũːk̬and̪a,yes,single-word
V_jump_3rd_sg_inf_01_spkrJS.xml,V_jump_3rd_sg_inf_01_spkrJS.wav,1,0,0.74,kanti,kʰa˥nd̪i↘,kʰand̪i,kʰand̪i,yes,single-word
V_jump_3rd_sg_inf_FUT_03_spkrJS.xml,V_jump_3rd_sg_inf_FUT_03_spkrJS.wav,1,0,0.94,kuun,ũː↗,ũː,ũː,yes,single-word
V_kill_01_spkrJS.xml,V_kill_01_spkrJS.wav,1,0,0.63,ka'ni,ka˧ʔni↗,kaʔni,kaʔni,yes,single-word
V_kill_02_spkrJS.xml,V_kill_02_spkrJS.wav,1,0,0.64,ka'ni,ka˥ʔnĩ˥,kaʔnĩ,kaʔnĩ,yes,single-word
V_read_01_spkrJS.xml,V_read_01_spkrJS.wav,1,0,0.62,ka'vi,ka˧ʔvi˥,kaʔvi,kaʔvi,yes,single-word
V_read_02_spkrJS.xml,V_read_02_spkrJS.wav,1,0,0.61,ka'vi,kʰa˧ʔvi˥,kʰaʔvi,kʰaʔvi,yes,single-word
V_run_01_JS.xml,V_run_01_JS.wav,1,0,1.12,sketa,,,,no,single-word
V_run_02_spkrJS.xml,V_run_02_spkrJS.wav,1,0,0.98,sketa,skɛ˧ta˩,skɛta,skɛta,yes,single-word
V_run_1st_pl_01_02_spkrJS.xml,V_run_1st_pl_01_02_spkrJS.wav,1,0,1.38,sketa,skɛ˧t̪a˩,skɛt̪a,skɛt̪a,yes,single-word
V_run_1st_pl_01_02_spkrJS.xml,V_run_1st_pl_01_02_spkrJS.wav,2,1.38,2.58,sketa,skɛ˧t̪a˩,skɛt̪a,skɛt̪a,yes,single-word
V_run_1st_sg_01_spkrJS.xml,V_run_1st_sg_01_spkrJS.wav,1,0,0.97,sketa̠,skɛ˧taF,skɛtaF,skɛtaF,yes,single-word
V_run_1st_sg_02_spkrJS.xml,V_run_1st_sg_02_spkrJS.wav,1,0,1.01,sketa̠,sk˧ɛtaF,skɛtaF,skɛtaF,yes,single-word
V_run_2nd_pl_form_01_02_spkrJS.xml,V_run_2nd_pl_form_01_02_spkrJS.wav,1,0,1.11,sketa,skɛ˧t̪a˩,skɛt̪a,skɛt̪a,yes,single-word
V_run_2nd_pl_form_01_02_spkrJS.xml,V_run_2nd_pl_form_01_02_spkrJS.wav,2,1.11,2.28,sketa,skɛ˧t̪a˩,skɛt̪a,skɛt̪a,yes,single-word
V_run_2nd_pl_inf_01_spkrJS.xml,V_run_2nd_pl_inf_01_spkrJS.wav,1,0,1.19,sketa,skɛ˧t̪˩a,skɛt̪a,skɛt̪a,yes,single-word
V_run_2nd_sg_form_01_spkrJS.xml,V_run_2nd_sg_form_01_spkrJS.wav,1,0,1.00,sketa,skɛ˧t̪a∙,skɛt̪a,skɛt̪a,yes,single-word
V_run_2nd_sg_inf_01_spkrJS.xml,V_run_2nd_sg_inf_01_spkrJS.wav,1,0,0.96,sketa,skɛ˧t̪a˩,skɛt̪a,skɛt̪a,yes,single-word
V_run_2nd_sg_inf_02_spkrJS.xml,V_run_2nd_sg_inf_02_spkrJS.wav,1,0,1.14,sketa (2S-INF),skɛ˧ta˩,skɛta,skɛta,yes,single-word
V_run_3rd_pl_form_all_01_02_spkrJS.xml,V_run_3rd_pl_form_all_01_02_spkrJS.wav,1,0,1.15,sketa,skɛ˧t̪a˩,skɛt̪a,skɛt̪a,yes,single-word
V_run_3rd_pl_form_all_01_02_spkrJS.xml,V_run_3rd_pl_form_all_01_02_spkrJS.wav,2,1.15,2.31,sketa,sk˧ɛt̪a˩,skɛt̪a,skɛt̪a,yes,single-word
V_run_3rd_pl_inf_01_spkrJS.xml,V_run_3rd_pl_inf_01_spkrJS.wav,1,0,1.38,sketa,skɛ˥t̪a˩,skɛt̪a,skɛt̪a,yes,single-word
V_run_3rd_sg_form_m_01_02_spkrJS.xml,V_run_3rd_sg_form_m_01_02_spkrJS.wav,1,0,0.96,sketa,skɛ˧t̪a˩,skɛt̪a,skɛt̪a,yes,single-word
V_run_3rd_sg_form_m_01_02_spkrJS.xml,V_run_3rd_sg_form_m_01_02_spkrJS.wav,2,0.96,1.92,sketa,skɛ˧t̪a˩,skɛt̪a,skɛt̪a,yes,single-word
V_run_3rd_sg_inf_01_spkrJS.xml,V_run_3rd_sg_inf_01_spkrJS.wav,1,0,1.05,sketi,skɛ˧t̪iR!,skɛt̪iR!,skɛt̪iR!,yes,single-word
V_run_3rd_sg_inf_02_spkrJS.xml,V_run_3rd_sg_inf_02_spkrJS.wav,1,0,0.75,sketi,skɛ˧t̪iF,skɛt̪iF,skɛt̪iF,yes,single-word
V_see_01_02_spkrTS.xml,V_see_01_02_spkrTS.wav,1,0,2.04,kunchee,kũ↘ndʒɛ̰ː↘↗,kũndʒɛ̰ː,kũnd͡ʒɛ̰ɛ̰,yes,single-word
V_see_01_02_spkrTS.xml,V_see_01_02_spkrTS.wav,2,2.04,3.37,kunchee,kũ↘ndʒɛ̰ː↘↗,kũndʒɛ̰ː,kũnd͡ʒɛ̰ɛ̰,yes,single-word
V_shine_02_spkrJS.xml,V_shine_02_spkrJS.wav,1,0,0.87,nchii,ndʒiː↘↗,ndʒiː,nd͡ʒii,yes,single-word
V_sing_01_02_spkrTS.xml,V_sing_01_02_spkrTS.wav,1,0,0.88,kata,ka˧t̪a˧,kat̪a,kat̪a,yes,single-word
V_sing_01_02_spkrTS.xml,V_sing_01_02_spkrTS.wav,2,0.88,1.77,kata,ka˧t̪a˧,kat̪a,kat̪a,yes,single-word
V_sing_3rd_pl_inf_01_spkrJS.xml,V_sing_3rd_pl_inf_01_spkrJS.wav,1,0,1.24,tsita,tsi˥t̪a˥,tsit̪a,t͡sit̪a,yes,single-word
V_sleep_01_spkrJS.xml,V_sleep_01_spkrJS.wav,1,0,0.64,kixi,ki˥ʃi↘,kiʃi,kiʃi,yes,single-word
V_sleep_02_spkrJS.xml,V_sleep_02_spkrJS.wav,1,0,0.64,kixi,ki˥ʃi↘,kiʃi,kiʃi,yes,single-word
V_sleep_1st_sg_01_spkrJS.xml,V_sleep_1st_sg_01_spkrJS.wav,1,0,0.79,kixi,ki˥ʃi↘,kiʃi,kiʃi,yes,single-word
V_sleep_1st_sg_02_spkrJS.xml,V_sleep_1st_sg_02_spkrJS.wav,kixi,0.04,0.47,kixi,ki˥ʃi↘,kiʃi,kiʃi,yes,single-word
V_smell_01_02_03_TS.xml,V_smell_01_02_03_TS.wav,1,0,0.71,tsa'an,tsã˥ʔã̰↘,tsãʔã̰,t͡sãʔã̰,yes,single-word
V_smell_01_02_03_TS.xml,V_smell_01_02_03_TS.wav,2,0.71,1.44,tsa'an,tsã˥ʔã˩,tsãʔã,t͡sãʔã,yes,single-word
V_speak_01_02_03_04_05_TS.xml,V_speak_01_02_03_04_05_TS.wav,1,0,0.88,ka'an,kã̰↗ʔã̰↘,kã̰ʔã̰,kã̰ʔã̰,yes,single-word
V_speak_1st_sg_01_spkrTS.xml,V_speak_1st_sg_01_spkrTS.wav,1,0,0.76,ka'an,kã˥ʔã̰↘,kãʔã̰,kãʔã̰,yes,single-word
V_teach_01_02_03_TS.xml,V_teach_01_02_03_TS.wav,3,1.36,2.06,sna'a,ʃna˥ʔa˩,ʃnaʔa,ʃnaʔa,yes,single-word
V_think_old_01_spkrJS.xml,V_think_old_01_spkrJS.wav,1,0,1.31,ntakanini,nd̪˥aka˥ni˥ʔi˥ni↘,nd̪akaniʔini,nd̪akaniʔini,yes,single-word
V_think_yng_03_spkrJS.xml,V_think_yng_03_spkrJS.wav,1,0,1.03,ntakanini,nd̪a˥k˥ani˥n↘i,nd̪akanini,nd̪akanini,yes,single-word
V_whisper_01_02_TS.xml,V_whisper_01_02_TS.wav,1,0,0.51,kata,ka˧t̪a˧,kat̪a,kat̪a,yes,single-word
V_whisper_01_02_TS.xml,V_whisper_01_02_TS.wav,2,0.51,1.09,kata,ka˧t̪a˧,kat̪a,kat̪a,yes,single-word
V_yell_01_02_spkrTS.xml,V_yell_01_02_spkrTS.wav,1,0,0.64,kana,ka˧na˧,kana,kana,yes,single-word
V_yell_01_02_spkrTS.xml,V_yell_01_02_spkrTS.wav,2,0.64,1.43,kana,ka˧na˧,kana,kana,yes,single-word
WH_Q_what_01_spkrJS.xml,WH_Q_what_01_spkrJS.wav,1,0,0.65,nchi,nʤiː↘,nʤiː,nd͡ʒii,yes,single-word
WH_Q_what_01_spkrTS.xml,WH_Q_what_01_spkrTS.wav,1,0,0.57,nchi,nʤiː↘,nʤiː,nd͡ʒii,yes,single-word
WH_Q_what_02_spkrJS.xml,WH_Q_what_02_spkrJS.wav,1,0,0.61,nchi,,,,no,single-word
WH_Q_what_02_spkrTS.xml,WH_Q_what_02_spkrTS.wav,1,0,0.70,nchi,,,,no,single-word
WH_Q_what_03_spkrTS.xml,WH_Q_what_03_spkrTS.wav,1,0,0.54,nchi,,,,no,single-word
WH_Q_when_01_spkrTS.xml,WH_Q_when_01_spkrTS.wav,1,0,0.70,nchi,nʤi∙,nʤi,nd͡ʒi,yes,single-word
WH_Q_when_02_spkrTS.xml,WH_Q_when_02_spkrTS.wav,1,0,0.78,nchi,nʤi↘,nʤi,nd͡ʒi,yes,single-word
WH_Q_when_03_spkrTS.xml,WH_Q_when_03_spkrTS.wav,1,0,0.63,nchi,,,,no,single-word
WH_Q_where_01_spkrTS.xml,WH_Q_where_01_spkrTS.wav,1,0,0.76,nchii,nʤiː˥,nʤiː,nd͡ʒii,yes,single-word
WH_Q_where_02_spkrTS.xml,WH_Q_where_02_spkrTS.wav,1,0,0.76,nchii,nʤiː˥,nʤiː,nd͡ʒii,yes,single-word
WH_Q_where_04_spkrJS.xml,WH_Q_where_04_spkrJS.wav,1,0,0.87,nchii,nʤĩ:˥,nʤĩ:,nd͡ʒĩ:,yes,single-word
WH_Q_who_01_spkrJS.xml,WH_Q_who_01_spkrJS.wav,1,0,0.53,ana,ã˥nã↘,ãnã,ãnã,yes,single-word
WH_Q_who_01_spkrTS.xml,WH_Q_who_01_spkrTS.wav,1,0,0.55,ana,a↗na↘,ana,ana,yes,single-word
WH_Q_who_02_spkrJS.xml,WH_Q_who_02_spkrJS.wav,1,0,0.68,ana,ã↗nã↘,ãnã,ãnã,yes,single-word
WH_Q_who_02_spkrTS.xml,WH_Q_who_02_spkrTS.wav,1,0,0.59,ana,,,,no,single-word
be_at_home_PRES_1s_01_02_03_TS.xml,be_at_home_PRES_1s_01_02_03_TS.wav,3,7.50,11.49,ntu'u,i↘,i,i,yes,single-word
be_at_home_PST_3s-inf_01_02_03_TS.xml,be_at_home_PST_3s-inf_01_02_03_TS.wav,3,5.28,7.36,ve'e,vɛ˥ʔe↘,vɛʔe,vɛʔe,yes,single-word
body_part_relations_penis_legs_01_02_TS.xml,body_part_relations_penis_legs_01_02_TS.wav,2,3.75,6.92,tisa,t̪i˧sa˩,t̪isa,t̪isa,yes,single-word
cabeza-sombrero_TS.xml,cabeza-sombrero_TS.wav,1,0,1.29,xiní,ʃini↗,ʃini,ʃini,yes,single-word
cabeza-sombrero_TS.xml,cabeza-sombrero_TS.wav,2,1.29,4.61,itiin,int̪ii↘↗,int̪ii,int̪ii,yes,single-word
cabeza-sombrero_TS.xml,cabeza-sombrero_TS.wav,3,4.61,6.13,xini,ʃi˩ni↗,ʃini,ʃini,yes,single-word
cabeza-sombrero_TS.xml,cabeza-sombrero_TS.wav,4,6.13,9.61,itiin,int̪ii↘↗,int̪ii,int̪ii,yes,single-word
s_the_bat_fly_COMPL_enter_COMPL_the_cave_01_02_03_TS.xml,s_the_bat_fly_COMPL_enter_COMPL_the_cave_01_02_03_TS.wav,3,5.38,8.06,kuun,ku˥,ku,ku,yes,single-word
tenate-adobo_TS.xml,tenate-adobo_TS.wav,1,0,1.11,ntoꞌó,ndoʔo↗,ndoʔo,ndoʔo,yes,single-word
tenate-adobo_TS.xml,tenate-adobo_TS.wav,2,1.11,3.31,ntakiꞌan,ndakĩ˥ʔã˩,ndakĩʔã,ndakĩʔã,yes,single-word
tenate-adobo_TS.xml,tenate-adobo_TS.wav,3,3.31,4.69,ntoꞌo,ndoʔo˩,ndoʔo,ndoʔo,yes,single-word
tenate-adobo_TS.xml,tenate-adobo_TS.wav,4,4.69,6.83,ntakiꞌan,ndakĩ˥ʔã˩,ndakĩʔã,ndakĩʔã,yes,single-word
Leccion_01.xml,Leccion_01.wav,,12.81,13.32,nani,naní,nani,nani,yes,sentence-level
Leccion_01.xml,Leccion_01.wav,,12.45,12.81,Mee,mẽẽ↗,mẽẽ,mẽẽ,yes,sentence-level
Leccion_01.xml,Leccion_01.wav,,13.32,14.41,Octavio,oktáviò,oktavio,oktavio,yes,sentence-level
Leccion_01.xml,Leccion_01.wav,,24.59,24.96,ni,ní,ni,ni,yes,sentence-level
Leccion_01.xml,Leccion_01.wav,,23.68,24.18,nixi,niʃí,niʃi,niʃi,yes,sentence-level
Leccion_01.xml,Leccion_01.wav,,22.93,23.55,meeni,meení,meeni,meeni,yes,sentence-level
Leccion_01.xml,Leccion_01.wav,,24.18,24.59,nani,nani,nani,nani,no,sentence-level
Leccion_01.xml,Leccion_01.wav,,22.67,22.93,Cha,tʃa,tʃa,t͡ʃa,no,sentence-level
Leccion_01.xml,Leccion_01.wav,,32.41,32.61,Cha,tʃa,tʃa,t͡ʃa,no,sentence-level
Leccion_01.xml,Leccion_01.wav,,32.61,33.14,meun,meṹ,meũ,meũ,yes,sentence-level
Leccion_01.xml,Leccion_01.wav,,33.34,33.77,nixi,niʃí,niʃi,niʃi,yes,sentence-level
Leccion_01.xml,Leccion_01.wav,,33.77,34.45,nanu,nanú,nanu,nanu,yes,sentence-level
Leccion_01.xml,Leccion_01.wav,,40.84,40.98,A,a,a,a,no,sentence-level
Leccion_01.xml,Leccion_01.wav,,40.98,41.65,kaꞌun,káʔṹ,kaʔũ,kaʔũ,yes,sentence-level
Leccion_01.xml,Leccion_01.wav,,41.65,42.21,saꞌan,sã̀ã́,sãã,sãã,yes,sentence-level
Leccion_01.xml,Leccion_01.wav,,42.21,42.97,savi,sâví,savi,savi,yes,sentence-level
Leccion_01.xml,Leccion_01.wav,,50.00,50.94,Kutuꞌuva,kút̪úʔùβâ,kut̪uʔuβa,kut̪uʔuβa,yes,sentence-level
Leccion_01.xml,Leccion_01.wav,,51.19,51.74,saꞌan,sã̀ʔã,sãʔã,sãʔã,yes,sentence-level
Leccion_01.xml,Leccion_01.wav,,51.74,52.50,savi,sâví,savi,savi,yes,sentence-level
Leccion_01.xml,Leccion_01.wav,,62.79,63.71,Octavio,oktávíô,oktavio,oktavio,yes,sentence-level
Leccion_01.xml,Leccion_01.wav,,62.13,62.62,nani,naní,nani,nani,yes,sentence-level
Leccion_01.xml,Leccion_01.wav,,61.77,62.13,Mee,meé,mee,mee,yes,sentence-level
Leccion_01.xml,Leccion_01.wav,,67.75,68.09,Mee,meé,mee,mee,yes,sentence-level
Leccion_01.xml,Leccion_01.wav,,68.76,69.70,Oktavio,oktávíô,oktavio,oktavio,yes,sentence-level
Leccion_01.xml,Leccion_01.wav,,68.09,68.58,nani,naní,nani,nani,yes,sentence-level
Leccion_01.xml,Leccion_01.wav,,74.20,74.45,Cha,tʃa,tʃa,t͡ʃa,no,sentence-level
Leccion_01.xml,Leccion_01.wav,,74.45,75.03,meeni,meéní,meeni,meeni,yes,sentence-level
Leccion_01.xml,Leccion_01.wav,,76.11,76.46,ni,ní,ni,ni,yes,sentence-level
Leccion_01.xml,Leccion_01.wav,,75.25,75.67,nixi,niʃí,niʃi,niʃi,yes,sentence-level
Leccion_01.xml,Leccion_01.wav,,75.67,76.11,nani,naní,nani,nani,yes,sentence-level
Leccion_01.xml,Leccion_01.wav,,81.52,81.77,Cha,tʃa,tʃa,t͡ʃa,no,sentence-level
Leccion_01.xml,Leccion_01.wav,,83.44,83.83,ni,ní,ni,ni,yes,sentence-level
Leccion_01.xml,Leccion_01.wav,,83.02,83.44,nani,naní,nani,nani,yes,sentence-level
Leccion_01.xml,Leccion_01.wav,,82.59,83.02,nixi,nìʃi,niʃi,niʃi,yes,sentence-level
Leccion_01.xml,Leccion_01.wav,,81.77,82.34,meeni,meéní,meeni,meeni,yes,sentence-level
Leccion_01.xml,Leccion_01.wav,,88.73,88.92,Cha,tʃa,tʃa,t͡ʃa,no,sentence-level
Leccion_01.xml,Leccion_01.wav,,89.66,90.07,nixi,niʃí,niʃi,niʃi,yes,sentence-level
Leccion_01.xml,Leccion_01.wav,,90.07,90.75,nanu,nanú,nanu,nanu,yes,sentence-level
Leccion_01.xml,Leccion_01.wav,,88.92,89.41,meun,mẽṹ,mẽũ,mẽũ,yes,sentence-level
Leccion_01.xml,Leccion_01.wav,,96.25,96.67,nixi,niʃí,niʃi,niʃi,yes,sentence-level
Leccion_01.xml,Leccion_01.wav,,95.31,95.52,Cha,tʃa,tʃa,t͡ʃa,no,sentence-level
Leccion_01.xml,Leccion_01.wav,,96.67,97.35,nanu,nanú,nanu,nanu,yes,sentence-level
Leccion_01.xml,Leccion_01.wav,,95.52,96.01,meun,mẽṹ,mẽũ,mẽũ,yes,sentence-level
Leccion_01.xml,Leccion_01.wav,,103.21,103.78,saꞌan,sã̂ã̌ꜜ,sãã,sãã,yes,sentence-level
Leccion_01.xml,Leccion_01.wav,,102.54,103.21,kaꞌun,kã́ʔũ̌ꜜ,kãʔũ,kãʔũ,yes,sentence-level
Leccion_01.xml,Leccion_01.wav,,103.78,104.54,savi,sa᷇vi᷅,savi,savi,yes,sentence-level
Leccion_01.xml,Leccion_01.wav,,102.39,102.54,A,a,a,a,no,sentence-level
Leccion_01.xml,Leccion_01.wav,,109.37,109.49,A,a,a,a,no,sentence-level
Leccion_01.xml,Leccion_01.wav,,110.16,110.73,saꞌan,sã᷇ã᷅,sãã,sãã,yes,sentence-level
Leccion_01.xml,Leccion_01.wav,,110.73,111.49,savi,sa᷇vi᷅,savi,savi,yes,sentence-level
Leccion_01.xml,Leccion_01.wav,,109.49,110.16,kaꞌun,káʔũ᷅,kaʔũ,kaʔũ,yes,sentence-level
Leccion_01.xml,Leccion_01.wav,,116.77,117.75,Kutuꞌuva,ku᷅túʔuβa᷇,kutuʔuβa,kutuʔuβa,yes,sentence-level
Leccion_01.xml,Leccion_01.wav,,117.99,118.54,saꞌan,sãʔã́,sãʔã,sãʔã,yes,sentence-level
Leccion_01.xml,Leccion_01.wav,,118.54,119.28,savi,sa᷇vi᷅,savi,savi,yes,sentence-level
Leccion_01.xml,Leccion_01.wav,,125.79,126.37,saꞌan,sãʔã᷅,sãʔã,sãʔã,yes,sentence-level
Leccion_01.xml,Leccion_01.wav,,124.58,125.60,kutuꞌuva,ku᷅t̪u᷇ʔuβa᷇,kut̪uʔuβa,kut̪uʔuβa,yes,sentence-level
Leccion_01.xml,Leccion_01.wav,,126.37,127.09,savi,sa᷇vi᷄,savi᷄,savi᷄,yes,sentence-level
Leccion_02.xml,Leccion_02.wav,,15.25,15.47,ni,ní,ni,ni,yes,sentence-level
Leccion_02.xml,Leccion_02.wav,,15.47,16.13,tata.,t̪áta᷇,t̪ata,t̪ata,yes,sentence-level
Leccion_02.xml,Leccion_02.wav,,14.90,15.25,Taku,t̪àku,t̪aku,t̪aku,yes,sentence-level
Leccion_02.xml,Leccion_02.wav,,23.80,24.52,xito.,ʃito᷇,ʃito,ʃito,yes,sentence-level
Leccion_02.xml,Leccion_02.wav,,23.30,23.66,Taku,tàku,taku,taku,yes,sentence-level
Leccion_02.xml,Leccion_02.wav,,23.66,23.80,níni,ní,ni,ni,yes,sentence-level
Leccion_02.xml,Leccion_02.wav,,31.64,31.79,ni,ní,ni,ni,yes,sentence-level
Leccion_02.xml,Leccion_02.wav,,31.25,31.64,Taku,tàku,taku,taku,yes,sentence-level
Leccion_02.xml,Leccion_02.wav,,31.79,32.43,nana.,nána᷇,nana,nana,yes,sentence-level
Leccion_02.xml,Leccion_02.wav,,40.65,41.03,Taku,tàku,taku,taku,yes,sentence-level
Leccion_02.xml,Leccion_02.wav,,41.03,41.19,ni,ní,ni,ni,yes,sentence-level
Leccion_02.xml,Leccion_02.wav,,41.19,41.86,xixi.,ʃi˥˧ʃi˥˧,ʃiʃi,ʃiʃi,yes,sentence-level
Leccion_02.xml,Leccion_02.wav,,52.02,52.32,luu.,lùu,luu,luu,yes,sentence-level
Leccion_02.xml,Leccion_02.wav,,51.02,51.42,Taku,tàku,taku,taku,yes,sentence-level
Leccion_02.xml,Leccion_02.wav,,51.42,51.54,ni,ní,ni,ni,yes,sentence-level
Leccion_02.xml,Leccion_02.wav,,51.54,52.02,mpaa,mpáâ,mpaa,mpaa,yes,sentence-level
Leccion_02.xml,Leccion_02.wav,,60.28,60.56,luu.,luu,luu,luu,no,sentence-level
Leccion_02.xml,Leccion_02.wav,,59.71,59.84,ni,ní,ni,ni,yes,sentence-level
Leccion_02.xml,Leccion_02.wav,,59.84,60.28,mari,márí,mari,mari,yes,sentence-level
Leccion_02.xml,Leccion_02.wav,,59.32,59.71,Taku,tàku,taku,taku,yes,sentence-level
Leccion_02.xml,Leccion_02.wav,,71.13,71.50,Taku,tàku,taku,taku,yes,sentence-level
Leccion_02.xml,Leccion_02.wav,,71.75,72.31,tata.,t̪át̪a᷇,t̪at̪a,t̪at̪a,yes,sentence-level
Leccion_02.xml,Leccion_02.wav,,71.50,71.64,ni,ní,ni,ni,yes,sentence-level
Leccion_02.xml,Leccion_02.wav,,75.07,75.44,Taku,tàku,taku,taku,yes,sentence-level
Leccion_02.xml,Leccion_02.wav,,75.44,75.58,ni,ní,ni,ni,yes,sentence-level
Leccion_02.xml,Leccion_02.wav,,75.69,76.24,tata.,t̪át̪a᷇,t̪at̪a,t̪at̪a,yes,sentence-level
Leccion_02.xml,Leccion_02.wav,,79.90,80.24,Taku,tàku,taku,taku,yes,sentence-level
Leccion_02.xml,Leccion_02.wav,,80.24,80.38,ni,ní,ni,ni,yes,sentence-level
Leccion_02.xml,Leccion_02.wav,,80.38,81.06,xito.,ʃít̪o᷇,ʃit̪o,ʃit̪o,yes,sentence-level
Leccion_02.xml,Leccion_02.wav,,84.94,85.30,Taku,tàku,taku,taku,yes,sentence-level
Leccion_02.xml,Leccion_02.wav,,85.44,86.11,xito.,ʃít̪o᷇,ʃit̪o,ʃit̪o,yes,sentence-level
Leccion_02.xml,Leccion_02.wav,,85.30,85.44,ni,ní,ni,ni,yes,sentence-level
Leccion_02.xml,Leccion_02.wav,,89.96,90.55,nana.,nána᷇,nana,nana,yes,sentence-level
Leccion_02.xml,Leccion_02.wav,,89.81,89.96,ni,nǐ,ni,ni,yes,sentence-level
Leccion_02.xml,Leccion_02.wav,,89.42,89.81,Taku,tàku,taku,taku,yes,sentence-level
Leccion_02.xml,Leccion_02.wav,,94.06,94.45,Taku,tàku,taku,taku,yes,sentence-level
Leccion_02.xml,Leccion_02.wav,,94.60,95.20,nana.,nána᷇,nana,nana,yes,sentence-level
Leccion_02.xml,Leccion_02.wav,,94.45,94.60,ni,nǐ,ni,ni,yes,sentence-level
Leccion_02.xml,Leccion_02.wav,,98.91,99.30,Taku,tàku,taku,taku,yes,sentence-level
Leccion_02.xml,Leccion_02.wav,,99.30,99.45,ni,nǐ,ni,ni,yes,sentence-level
Leccion_02.xml,Leccion_02.wav,,99.45,100.10,xixi.,ʃi˥˧ʃi˥˧,ʃiʃi,ʃiʃi,yes,sentence-level
Leccion_02.xml,Leccion_02.wav,,103.58,103.97,Taku,tàku,taku,taku,yes,sentence-level
Leccion_02.xml,Leccion_02.wav,,104.12,104.80,xixi.,ʃi˥˧ʃi˥˧,ʃiʃi,ʃiʃi,yes,sentence-level
Leccion_02.xml,Leccion_02.wav,,103.97,104.12,ni,nǐ,ni,ni,yes,sentence-level
Leccion_02.xml,Leccion_02.wav,,108.64,109.01,Taku,tàku,taku,taku,yes,sentence-level
Leccion_02.xml,Leccion_02.wav,,109.58,109.82,luu.,lùuꜜ,luu,luu,yes,sentence-level
Leccion_02.xml,Leccion_02.wav,,109.01,109.16,ni,nǐ,ni,ni,yes,sentence-level
Leccion_02.xml,Leccion_02.wav,,109.16,109.58,mpaa,mpáa᷇,mpaa,mpaa,yes,sentence-level
Leccion_02.xml,Leccion_02.wav,,113.98,114.36,Taku,tàku,taku,taku,yes,sentence-level
Leccion_02.xml,Leccion_02.wav,,114.51,114.93,mpaa,mpáa᷇,mpaa,mpaa,yes,sentence-level
Leccion_02.xml,Leccion_02.wav,,114.36,114.51,ni,nǐ,ni,ni,yes,sentence-level
Leccion_02.xml,Leccion_02.wav,,114.93,115.20,luu.,lùu,luu,luu,yes,sentence-level
Leccion_02.xml,Leccion_02.wav,,120.24,120.65,mari,mári᷇,mari,mari,yes,sentence-level
Leccion_02.xml,Leccion_02.wav,,120.65,120.91,luu.,lùu,luu,luu,yes,sentence-level
Leccion_02.xml,Leccion_02.wav,,119.73,120.10,Taku,t̪àku,t̪aku,t̪aku,yes,sentence-level
Leccion_02.xml,Leccion_02.wav,,120.10,120.24,ni,nǐ,ni,ni,yes,sentence-level
Leccion_02.xml,Leccion_02.wav,,125.76,125.90,ni,nǐ,ni,ni,yes,sentence-level
Leccion_02.xml,Leccion_02.wav,,125.38,125.76,Taku,tàku,taku,taku,yes,sentence-level
Leccion_02.xml,Leccion_02.wav,,126.35,126.59,luu.,lùu,luu,luu,yes,sentence-level
Leccion_02.xml,Leccion_02.wav,,125.90,126.35,mari,mári᷇,mari,mari,yes,sentence-level
Leccion_02.xml,Leccion_02.wav,,140.80,140.93,ni,nǐ,ni,ni,yes,sentence-level
Leccion_02.xml,Leccion_02.wav,,140.93,141.37,vee.,βée᷇,βee,βee,yes,sentence-level
Leccion_02.xml,Leccion_02.wav,,140.44,140.80,Taku,t̪àku,t̪aku,t̪aku,yes,sentence-level
Leccion_02.xml,Leccion_02.wav,,154.04,154.27,ni.,nǐ,ni,ni,yes,sentence-level
Leccion_02.xml,Leccion_02.wav,,153.67,154.04,Taku,t̪àku,t̪aku,t̪aku,yes,sentence-level
Leccion_02.xml,Leccion_02.wav,,164.12,164.42,kuee,kwéé,kwee,kwee,yes,sentence-level
Leccion_02.xml,Leccion_02.wav,,164.42,164.80,ni?,nǐ,ni,ni,yes,sentence-level
Leccion_02.xml,Leccion_02.wav,,163.90,164.01,kuu,ku᷇,ku,ku,yes,sentence-level
Leccion_02.xml,Leccion_02.wav,,163.71,163.84,¿A,ǎ,a,a,yes,sentence-level
Leccion_02.xml,Leccion_02.wav,,170.69,170.79,¿A,ǎ,a,a,yes,sentence-level
Leccion_02.xml,Leccion_02.wav,,170.79,171.02,yee,jʒěê,jʒee,jʒee,yes,sentence-level
Leccion_02.xml,Leccion_02.wav,,171.43,171.75,ni?,nǐ,ni,ni,yes,sentence-level
Leccion_02.xml,Leccion_02.wav,,171.02,171.43,va'a,vaʔà,vaʔa,vaʔa,yes,sentence-level
Leccion_02.xml,Leccion_02.wav,,182.78,183.64,Taku.,tàku,taku,taku,yes,sentence-level
Leccion_02.xml,Leccion_02.wav,,189.17,189.76,va'u?,vàʔú,vaʔu,vaʔu,yes,sentence-level
Leccion_02.xml,Leccion_02.wav,,188.99,189.17,yee,jéè,jee,jee,yes,sentence-level
Leccion_02.xml,Leccion_02.wav,,188.87,188.99,¿A,a,a,a,no,sentence-level
Leccion_02.xml,Leccion_02.wav,,198.74,198.93,ni,ní,ni,ni,yes,sentence-level
Leccion_02.xml,Leccion_02.wav,,198.35,198.74,Taku,tàku,taku,taku,yes,sentence-level
Leccion_02.xml,Leccion_02.wav,,198.93,199.48,vee.,vée᷇,vee,vee,yes,sentence-level
Leccion_02.xml,Leccion_02.wav,,203.76,204.17,Taku,tàku,taku,taku,yes,sentence-level
Leccion_02.xml,Leccion_02.wav,,204.34,204.81,vee.,vée᷇,vee,vee,yes,sentence-level
Leccion_02.xml,Leccion_02.wav,,204.17,204.34,ni,nǐ,ni,ni,yes,sentence-level
Leccion_02.xml,Leccion_02.wav,,209.12,209.40,ni.,nǐ,ni,ni,yes,sentence-level
Leccion_02.xml,Leccion_02.wav,,208.68,209.12,Taku,t̪àku,t̪aku,t̪aku,yes,sentence-level
Leccion_02.xml,Leccion_02.wav,,212.51,212.94,Taku,t̪àku,t̪aku,t̪aku,yes,sentence-level
Leccion_02.xml,Leccion_02.wav,,212.94,213.20,ni.,nǐ,ni,ni,yes,sentence-level
Leccion_02.xml,Leccion_02.wav,,216.33,216.45,kuu,ku᷇,ku,ku,yes,sentence-level
Leccion_02.xml,Leccion_02.wav,,216.13,216.25,¿A,á,a,a,yes,sentence-level
Leccion_02.xml,Leccion_02.wav,,216.87,217.17,ni?,nǐ,ni,ni,yes,sentence-level
Leccion_02.xml,Leccion_02.wav,,216.56,216.87,kuee,kwéé,kwee,kwee,yes,sentence-level
Leccion_02.xml,Leccion_02.wav,,220.62,220.74,kuu,ku᷇,ku,ku,yes,sentence-level
Leccion_02.xml,Leccion_02.wav,,220.39,220.53,¿A,ǎ,a,a,yes,sentence-level
Leccion_02.xml,Leccion_02.wav,,221.15,221.42,ni?,ní,ni,ni,yes,sentence-level
Leccion_02.xml,Leccion_02.wav,,220.84,221.15,kuee,kwéé,kwee,kwee,yes,sentence-level
Leccion_02.xml,Leccion_02.wav,,224.66,224.80,¿A,ǎ,a,a,yes,sentence-level
Leccion_02.xml,Leccion_02.wav,,224.80,225.05,yee,ʒjée᷇,ʒjee,ʒjee,yes,sentence-level
Leccion_02.xml,Leccion_02.wav,,225.46,225.73,ni?,ní,ni,ni,yes,sentence-level
Leccion_02.xml,Leccion_02.wav,,225.05,225.46,va'a,βàʔǎꜜ,βaʔa,βaʔa,yes,sentence-level
Leccion_02.xml,Leccion_02.wav,,228.81,228.97,¿A,ǎ,a,a,yes,sentence-level
Leccion_02.xml,Leccion_02.wav,,229.23,229.63,va'a,βàʔaꜜ,βaʔa,βaʔa,yes,sentence-level
Leccion_02.xml,Leccion_02.wav,,229.63,229.88,ni?,ní,ni,ni,yes,sentence-level
Leccion_02.xml,Leccion_02.wav,,228.97,229.23,yee,ʒjéê,ʒjee,ʒjee,yes,sentence-level
Leccion_02.xml,Leccion_02.wav,,232.92,233.53,Taku.,ta̪kǔ,ta̪ku,ta̪ku,yes,sentence-level
Leccion_02.xml,Leccion_02.wav,,236.68,237.33,Taku,t̪akǔ,t̪aku,t̪aku,yes,sentence-level
Leccion_02.xml,Leccion_02.wav,,240.30,240.41,¿A,a,a,a,no,sentence-level
Leccion_02.xml,Leccion_02.wav,,240.62,241.20,va'u?,βàʔu᷅,βaʔu,βaʔu,yes,sentence-level
Leccion_02.xml,Leccion_02.wav,,240.41,240.62,yee,ʒjée᷇,ʒjee,ʒjee,yes,sentence-level
Leccion_02.xml,Leccion_02.wav,,244.55,244.78,yee,ʒjée᷇,ʒjee,ʒjee,yes,sentence-level
Leccion_02.xml,Leccion_02.wav,,244.78,245.35,va'u?,vâʔu᷅,vaʔu,vaʔu,yes,sentence-level
Leccion_02.xml,Leccion_02.wav,,244.42,244.55,¿A,a,a,a,no,sentence-level
Leccion_03.xml,Leccion_03.wav,,15.39,15.92,tata,t̪áta᷇,t̪ata,t̪ata,yes,sentence-level
Leccion_03.xml,Leccion_03.wav,,15.16,15.29,ni,ní,ni,ni,yes,sentence-level
Leccion_03.xml,Leccion_03.wav,,14.90,15.16,yee,jéê,jee,jee,yes,sentence-level
Leccion_03.xml,Leccion_03.wav,,23.09,23.23,ni,ní,ni,ni,yes,sentence-level
Leccion_03.xml,Leccion_03.wav,,22.80,23.09,yee,jéê,jee,jee,yes,sentence-level
Leccion_03.xml,Leccion_03.wav,,23.23,23.87,xito,ʃíto᷇,ʃito,ʃito,yes,sentence-level
Leccion_03.xml,Leccion_03.wav,,30.15,30.30,ni,ní,ni,ni,yes,sentence-level
Leccion_03.xml,Leccion_03.wav,,30.30,30.92,nana,nána᷇,nana,nana,yes,sentence-level
Leccion_03.xml,Leccion_03.wav,,29.82,30.15,Yee,jéê,jee,jee,yes,sentence-level
Leccion_03.xml,Leccion_03.wav,,38.72,39.43,xixi,ʃíʃi᷇,ʃiʃi,ʃiʃi,yes,sentence-level
Leccion_03.xml,Leccion_03.wav,,38.57,38.72,ni,ní,ni,ni,yes,sentence-level
Leccion_03.xml,Leccion_03.wav,,38.21,38.57,jee,jéê,jee,jee,yes,sentence-level
Leccion_03.xml,Leccion_03.wav,,46.82,47.11,luu,luú,luu,luu,yes,sentence-level
Leccion_03.xml,Leccion_03.wav,,46.29,46.41,ni,ní,ni,ni,yes,sentence-level
Leccion_03.xml,Leccion_03.wav,,46.41,46.82,mpaa,mbáa᷇,mbaa,mbaa,yes,sentence-level
Leccion_03.xml,Leccion_03.wav,,45.96,46.29,yee,jéê,jee,jee,yes,sentence-level
Leccion_03.xml,Leccion_03.wav,,54.24,54.39,ni,ní,ni,ni,yes,sentence-level
Leccion_03.xml,Leccion_03.wav,,53.90,54.24,Yee,jéê,jee,jee,yes,sentence-level
Leccion_03.xml,Leccion_03.wav,,54.80,55.07,luu,luú,luu,luu,yes,sentence-level
Leccion_03.xml,Leccion_03.wav,,54.39,54.80,mari,máɾi᷇,maɾi,maɾi,yes,sentence-level
Leccion_03.xml,Leccion_03.wav,,61.34,62.01,Yeu,jéu᷄,jeu᷄,jeu᷄,yes,sentence-level
Leccion_03.xml,Leccion_03.wav,,69.97,70.22,Yee,jéê,jee,jee,yes,sentence-level
Leccion_03.xml,Leccion_03.wav,,70.22,70.47,ni,ni,ni,ni,no,sentence-level
Leccion_03.xml,Leccion_03.wav,,70.47,70.93,tata,t̪át̪a᷇,t̪at̪a,t̪at̪a,yes,sentence-level
Leccion_03.xml,Leccion_03.wav,,74.48,74.61,ni,ní,ni,ni,yes,sentence-level
Leccion_03.xml,Leccion_03.wav,,74.22,74.48,Yee,jéê,jee,jee,yes,sentence-level
Leccion_03.xml,Leccion_03.wav,,74.61,75.24,tata,t̪át̪a᷇,t̪at̪a,t̪at̪a,yes,sentence-level
Leccion_03.xml,Leccion_03.wav,,78.82,78.96,ni,ní,ni,ni,yes,sentence-level
Leccion_03.xml,Leccion_03.wav,,78.54,78.82,Yee,jéê,jee,jee,yes,sentence-level
Leccion_03.xml,Leccion_03.wav,,78.96,79.66,xito,ʃít̪o᷇,ʃit̪o,ʃit̪o,yes,sentence-level
Leccion_03.xml,Leccion_03.wav,,83.20,83.89,xito,ʃít̪o᷇,ʃit̪o,ʃit̪o,yes,sentence-level
Leccion_03.xml,Leccion_03.wav,,82.77,83.06,Yee,jéê,jee,jee,yes,sentence-level
Leccion_03.xml,Leccion_03.wav,,83.06,83.20,ni,ní,ni,ni,yes,sentence-level
Leccion_03.xml,Leccion_03.wav,,87.41,87.71,Yee,jéê,jee,jee,yes,sentence-level
Leccion_03.xml,Leccion_03.wav,,87.71,87.87,ni,ní,ni,ni,yes,sentence-level
Leccion_03.xml,Leccion_03.wav,,87.87,88.46,nana,nána᷇,nana,nana,yes,sentence-level
Leccion_03.xml,Leccion_03.wav,,92.25,92.84,nana,nána᷇,nana,nana,yes,sentence-level
Leccion_03.xml,Leccion_03.wav,,91.78,92.09,Yee,jéê,jee,jee,yes,sentence-level
Leccion_03.xml,Leccion_03.wav,,92.09,92.25,ni,ní,ni,ni,yes,sentence-level
Leccion_03.xml,Leccion_03.wav,,96.64,97.36,xito,ʃít̪o᷇,ʃit̪o,ʃit̪o,yes,sentence-level
Leccion_03.xml,Leccion_03.wav,,96.50,96.64,ni,ní,ni,ni,yes,sentence-level
Leccion_03.xml,Leccion_03.wav,,96.14,96.50,Yee,jéê,jee,jee,yes,sentence-level
Leccion_03.xml,Leccion_03.wav,,100.63,100.78,ni,ní,ni,ni,yes,sentence-level
Leccion_03.xml,Leccion_03.wav,,100.78,101.47,xixi,ʃíʃi᷇,ʃiʃi,ʃiʃi,yes,sentence-level
Leccion_03.xml,Leccion_03.wav,,100.26,100.63,Yee,jéê,jee,jee,yes,sentence-level
Leccion_03.xml,Leccion_03.wav,,104.78,105.11,Yee,jéê,jee,jee,yes,sentence-level
Leccion_03.xml,Leccion_03.wav,,105.65,105.93,luu,luú,luu,luu,yes,sentence-level
Leccion_03.xml,Leccion_03.wav,,105.24,105.65,mpaa,mbáa᷇,mbaa,mbaa,yes,sentence-level
Leccion_03.xml,Leccion_03.wav,,105.11,105.24,ni,ní,ni,ni,yes,sentence-level
Leccion_03.xml,Leccion_03.wav,,109.97,110.11,ni,ní,ni,ni,yes,sentence-level
Leccion_03.xml,Leccion_03.wav,,109.65,109.97,Yee,jéê,jee,jee,yes,sentence-level
Leccion_03.xml,Leccion_03.wav,,110.50,110.79,luu,luú,luu,luu,yes,sentence-level
Leccion_03.xml,Leccion_03.wav,,110.11,110.50,mpaa,mbáa᷇,mbaa,mbaa,yes,sentence-level
Leccion_03.xml,Leccion_03.wav,,115.01,115.17,ni,ní,ni,ni,yes,sentence-level
Leccion_03.xml,Leccion_03.wav,,114.68,115.01,Yee,jéê,jee,jee,yes,sentence-level
Leccion_03.xml,Leccion_03.wav,,115.17,115.56,mari,máɾi᷇,maɾi,maɾi,yes,sentence-level
Leccion_03.xml,Leccion_03.wav,,115.56,115.84,luu,luú,luu,luu,yes,sentence-level
Leccion_03.xml,Leccion_03.wav,,120.02,120.43,mari,máɾi᷇,maɾi,maɾi,yes,sentence-level
Leccion_03.xml,Leccion_03.wav,,119.88,120.02,ni,ní,ni,ni,yes,sentence-level
Leccion_03.xml,Leccion_03.wav,,119.56,119.88,Yee,jéê,jee,jee,yes,sentence-level
Leccion_03.xml,Leccion_03.wav,,120.43,120.72,luu,luú,luu,luu,yes,sentence-level
Leccion_03.xml,Leccion_03.wav,,124.25,124.88,Yeu,jéǔ,jeu,jeu,yes,sentence-level
Leccion_03.xml,Leccion_03.wav,,127.91,128.54,Yeu,jéǔ,jeu,jeu,yes,sentence-level
Leccion_05.xml,Leccion_05.wav,,15.17,15.91,nchika,ndʒika᷅,ndʒika,nd͡ʒika,yes,sentence-level
Leccion_05.xml,Leccion_05.wav,,20.97,21.77,ncheꞌe,ndʒɛ̀ʔɛ᷅,ndʒɛʔɛ,nd͡ʒɛʔɛ,yes,sentence-level
Leccion_05.xml,Leccion_05.wav,,26.98,27.76,vitsi,bitsi᷅,bitsi,bit͡si,yes,sentence-level
Leccion_05.xml,Leccion_05.wav,,32.81,33.79,tikuaa,t̪ikwàǎ,t̪ikwaa,t̪ikwaa,yes,sentence-level
Leccion_05.xml,Leccion_05.wav,,38.20,39.00,chiki,tʃi᷄ki,tʃi᷄ki,t͡ʃi᷄ki,no,sentence-level
Leccion_05.xml,Leccion_05.wav,,43.37,44.27,ntoko,nt̬o᷆ko᷅,nt̬o᷆ko,nt̬o᷆ko,yes,sentence-level
Leccion_05.xml,Leccion_05.wav,,49.73,50.76,tintixi,t̪ìnt̪íʃǐ,t̪int̪iʃi,t̪int̪iʃi,yes,sentence-level
Leccion_05.xml,Leccion_05.wav,,56.96,58.16,tikuantiki,t̪ìkwànt̪íkí,t̪ikwant̪iki,t̪ikwant̪iki,yes,sentence-level
Leccion_05.xml,Leccion_05.wav,,63.83,64.85,skaꞌma,skàama,skaama,skaama,yes,sentence-level
Leccion_05.xml,Leccion_05.wav,,71.11,72.37,nchika tsaꞌa,ndʒiká tsáʔa᷅,ndʒika tsaʔa,nd͡ʒika t͡saʔa,yes,sentence-level
Leccion_05.xml,Leccion_05.wav,,78.03,78.76,tinumi,t̪ìnumǐ,t̪inumi,t̪inumi,yes,sentence-level
Leccion_05.xml,Leccion_05.wav,,87.32,88.11,nchika,ndʒika᷅,ndʒika,nd͡ʒika,yes,sentence-level
Leccion_05.xml,Leccion_05.wav,,91.56,92.35,nchika,ndʒika᷅,ndʒika,nd͡ʒika,yes,sentence-level
Leccion_05.xml,Leccion_05.wav,,95.84,96.56,ncheꞌe,ndʒɛ̀ʔɛ᷄,ndʒɛʔɛ᷄,nd͡ʒɛʔɛ᷄,yes,sentence-level
Leccion_05.xml,Leccion_05.wav,,100.26,100.99,ncheꞌe,ndʒɛ̀ʔɛ᷅,ndʒɛʔɛ,nd͡ʒɛʔɛ,yes,sentence-level
Leccion_05.xml,Leccion_05.wav,,104.30,105.07,vitsi,bítsi᷅,bitsi,bit͡si,yes,sentence-level
Leccion_05.xml,Leccion_05.wav,,108.54,109.33,vitsi,bítsi᷅,bitsi,bit͡si,yes,sentence-level
Leccion_05.xml,Leccion_05.wav,,112.30,113.15,tikuaa,t̪ikwàǎ,t̪ikwaa,t̪ikwaa,yes,sentence-level
Leccion_05.xml,Leccion_05.wav,,116.47,117.35,tikuaa,t̪ikwàǎ,t̪ikwaa,t̪ikwaa,yes,sentence-level
Leccion_05.xml,Leccion_05.wav,,120.40,121.24,chiki,tʃi᷄kí,tʃi᷄ki,t͡ʃi᷄ki,yes,sentence-level
Leccion_05.xml,Leccion_05.wav,,124.57,125.40,chiki,tʃi᷄kí,tʃi᷄ki,t͡ʃi᷄ki,yes,sentence-level
Leccion_05.xml,Leccion_05.wav,,128.50,129.32,ntoko,nt̬o᷆ko᷅,nt̬o᷆ko,nt̬o᷆ko,yes,sentence-level
Leccion_05.xml,Leccion_05.wav,,132.60,133.42,ntoko,nt̬o᷆ko᷅,nt̬o᷆ko,nt̬o᷆ko,yes,sentence-level
Leccion_05.xml,Leccion_05.wav,,136.71,137.68,tintixi,t̪ìnt̪íʃǐ,t̪int̪iʃi,t̪int̪iʃi,yes,sentence-level
Leccion_05.xml,Leccion_05.wav,,140.79,141.77,tintixi,t̪ìnt̪íʃǐ,t̪int̪iʃi,t̪int̪iʃi,yes,sentence-level
Leccion_05.xml,Leccion_05.wav,,144.96,146.02,tikuantiki,t̪ìkwant̪íkí,t̪ikwant̪iki,t̪ikwant̪iki,yes,sentence-level
Leccion_05.xml,Leccion_05.wav,,149.10,150.17,tikuantiki,t̪ìkwant̪íkí,t̪ikwant̪iki,t̪ikwant̪iki,yes,sentence-level
Leccion_05.xml,Leccion_05.wav,,153.26,154.27,skaꞌma,skàʔma,skaʔma,skaʔma,yes,sentence-level
Leccion_05.xml,Leccion_05.wav,,157.51,158.41,skaꞌma,skàʔma,skaʔma,skaʔma,yes,sentence-level
Leccion_05.xml,Leccion_05.wav,,161.58,162.54,nchika tsaꞌa,ndʒiká tsáʔa᷅,ndʒika tsaʔa,nd͡ʒika t͡saʔa,yes,sentence-level
Leccion_05.xml,Leccion_05.wav,,166.01,166.97,nchika tsaꞌa,ndʒiká tsáʔa᷅,ndʒika tsaʔa,nd͡ʒika t͡saʔa,yes,sentence-level
Leccion_05.xml,Leccion_05.wav,,170.33,171.12,tinumi,t̪ìnumǐ,t̪inumi,t̪inumi,yes,sentence-level
Leccion_05.xml,Leccion_05.wav,,174.36,175.15,tinumi,t̪ìnumǐ,t̪inumi,t̪inumi,yes,sentence-level
